Vehicle_ID,Make,Model,Year,Engine_Type,Mileage,Previous_Recalls,Defect_Type,Recall_Year,Recall_Reason,Risk_Score,Recall_Flag
V0001,BMW,F-150,2018,Electric,186308,4,Electronics,2007,Faulty Component,86.49509335,1
V0002,Ford,Camry,2005,Diesel,165410,0,Transmission,2006,Faulty Component,6.156198039,0
V0003,Tesla,X5,2012,Petrol,174245,3,Electronics,2001,Software Bug,11.35424735,0
V0004,Ford,F-150,2008,Hybrid,80863,0,Airbag,2000,Software Bug,97.37371199,1
V0005,Ford,Model 3,2021,Electric,102742,5,Engine,2005,Faulty Component,36.81632798,0
V0006,Ford,Civic,2009,Hybrid,161190,2,Electronics,2000,Faulty Component,84.6386374,1
V0007,Toyota,F-150,2019,Electric,21276,5,Airbag,2014,Design Flaw,52.88835545,1
V0008,Toyota,F-150,2007,Petrol,191607,4,Engine,2014,Software Bug,91.70498718,1
V0009,Honda,Civic,2003,Hybrid,6928,3,Transmission,2000,Design Flaw,32.80639208,0
V0010,BMW,Civic,2004,Hybrid,154502,5,Engine,2005,Safety Regulation,14.28088409,0
V0011,Honda,Camry,2008,Hybrid,178346,4,Transmission,2004,Faulty Component,50.31605395,1
V0012,Toyota,Model 3,2013,Diesel,128290,2,Brake,2000,Faulty Component,39.15128267,0
V0013,Ford,Model 3,2011,Electric,72051,1,Electronics,2016,Safety Regulation,64.90347496,1
V0014,Ford,Camry,2003,Electric,179339,1,Electronics,2010,Wear and Tear,47.90888698,0
V0015,Toyota,Camry,2009,Electric,17718,3,Airbag,2020,Safety Regulation,0.59653436,0
V0016,Tesla,Civic,2007,Electric,196071,5,Transmission,2020,Design Flaw,34.58098314,0
V0017,Toyota,F-150,2023,Petrol,5733,0,Electronics,2022,Software Bug,39.10229841,0
V0018,Ford,F-150,2019,Hybrid,190234,3,Brake,2008,Safety Regulation,79.07922379,1
V0019,Honda,Model 3,2013,Hybrid,82737,1,Engine,2022,Wear and Tear,10.52901022,0
V0020,Ford,X5,2023,Hybrid,55246,3,Electronics,2016,Software Bug,82.34949425,1
V0021,Honda,Civic,2021,Electric,29659,5,Electronics,2014,Safety Regulation,2.560196493,0
V0022,Honda,Model 3,2007,Diesel,121127,3,Brake,2021,Safety Regulation,14.79812682,0
V0023,Ford,X5,2017,Petrol,43777,1,Transmission,2014,Software Bug,91.79187216,1
V0024,Ford,Model 3,2010,Hybrid,54138,2,Airbag,2014,Software Bug,24.10603368,0
V0025,Honda,F-150,2023,Petrol,114706,3,Brake,2001,Software Bug,57.54997944,1
V0026,Ford,Camry,2006,Diesel,119291,3,Airbag,2009,Wear and Tear,64.26681851,1
V0027,BMW,X5,2011,Hybrid,195383,1,Transmission,2021,Design Flaw,18.07920107,0
V0028,BMW,Camry,2014,Petrol,58172,3,Airbag,2008,Wear and Tear,53.98947575,1
V0029,Tesla,Camry,2006,Electric,162413,5,Engine,2003,Wear and Tear,88.43607829,1
V0030,BMW,Civic,2018,Electric,139459,0,Electronics,2012,Safety Regulation,65.2502263,1
V0031,Toyota,X5,2019,Petrol,179727,4,Airbag,2007,Design Flaw,2.349302838,0
V0032,Tesla,F-150,2000,Electric,197232,3,Engine,2019,Software Bug,62.4280287,1
V0033,Toyota,X5,2005,Electric,64762,5,Engine,2003,Faulty Component,10.4604549,0
V0034,Tesla,Camry,2015,Diesel,168048,4,Airbag,2023,Faulty Component,45.82774967,0
V0035,BMW,X5,2022,Diesel,185935,3,Transmission,2014,Wear and Tear,81.8813905,1
V0036,Ford,Model 3,2018,Hybrid,105804,1,Transmission,2023,Safety Regulation,40.40526393,0
V0037,Tesla,Civic,2016,Hybrid,25597,3,Engine,2008,Software Bug,99.59992061,1
V0038,Ford,Camry,2021,Petrol,74834,0,Electronics,2011,Software Bug,54.40303194,1
V0039,Tesla,X5,2018,Hybrid,56429,0,Airbag,2017,Software Bug,23.4366516,0
V0040,Toyota,F-150,2006,Hybrid,94940,2,Engine,2018,Wear and Tear,33.21367971,0
V0041,Ford,Camry,2002,Petrol,132469,1,Engine,2014,Wear and Tear,18.98400267,0
V0042,Toyota,Model 3,2009,Hybrid,79487,0,Brake,2002,Safety Regulation,41.95557334,0
V0043,Ford,F-150,2016,Diesel,137130,1,Engine,2001,Software Bug,53.14237753,1
V0044,BMW,X5,2010,Electric,74416,5,Airbag,2007,Wear and Tear,5.905607451,0
V0045,Tesla,Model 3,2010,Diesel,36633,1,Engine,2004,Wear and Tear,62.38349589,1
V0046,Honda,Model 3,2023,Diesel,107054,3,Brake,2018,Design Flaw,40.63608539,0
V0047,Ford,X5,2021,Electric,103340,2,Transmission,2007,Software Bug,69.47550708,1
V0048,Ford,Camry,2006,Hybrid,65152,3,Brake,2020,Safety Regulation,99.07828618,1
V0049,Toyota,X5,2008,Petrol,76923,0,Engine,2019,Faulty Component,25.41194277,0
V0050,Honda,Model 3,2005,Petrol,54068,0,Airbag,2009,Software Bug,13.9669359,0
V0051,Toyota,X5,2023,Hybrid,27477,5,Airbag,2021,Software Bug,15.85756541,0
V0052,Honda,Model 3,2019,Diesel,54163,4,Electronics,2021,Faulty Component,51.44274275,1
V0053,Ford,Camry,2014,Petrol,139173,0,Transmission,2020,Design Flaw,22.67949582,0
V0054,Honda,Model 3,2012,Diesel,15044,3,Transmission,2011,Wear and Tear,87.26908418,1
V0055,Ford,X5,2000,Hybrid,7255,2,Transmission,2020,Wear and Tear,78.84342391,1
V0056,Toyota,X5,2006,Diesel,116943,5,Engine,2007,Faulty Component,28.78450479,0
V0057,BMW,Model 3,2008,Electric,156267,2,Transmission,2005,Software Bug,12.0522074,0
V0058,Toyota,Model 3,2016,Electric,160703,0,Electronics,2018,Safety Regulation,55.02709878,1
V0059,BMW,F-150,2013,Electric,102202,3,Electronics,2000,Design Flaw,45.15098606,0
V0060,Tesla,Civic,2003,Hybrid,139552,2,Transmission,2003,Design Flaw,26.38602844,0
V0061,Toyota,Civic,2013,Hybrid,117777,1,Transmission,2011,Software Bug,41.16567698,0
V0062,Ford,Civic,2018,Electric,66892,0,Airbag,2008,Software Bug,7.143241591,0
V0063,Honda,F-150,2013,Hybrid,106850,4,Transmission,2022,Design Flaw,28.54157125,0
V0064,Toyota,Civic,2002,Diesel,12630,5,Airbag,2005,Safety Regulation,41.69360359,0
V0065,BMW,Camry,2023,Hybrid,51319,5,Electronics,2004,Design Flaw,21.39855943,0
V0066,Honda,F-150,2009,Electric,127546,2,Brake,2001,Software Bug,17.292723,0
V0067,Ford,Camry,2019,Electric,68508,4,Transmission,2014,Faulty Component,9.079541546,0
V0068,Toyota,Camry,2002,Petrol,23920,1,Electronics,2006,Safety Regulation,6.378570896,0
V0069,Ford,F-150,2017,Electric,33640,1,Electronics,2022,Software Bug,51.40781455,1
V0070,Tesla,Camry,2004,Diesel,6008,4,Engine,2020,Wear and Tear,75.9275706,1
V0071,Toyota,Camry,2010,Hybrid,116956,0,Electronics,2016,Wear and Tear,19.71874312,0
V0072,Ford,Model 3,2001,Electric,57423,1,Transmission,2009,Software Bug,16.82317773,0
V0073,Toyota,Model 3,2001,Hybrid,17477,3,Electronics,2004,Design Flaw,74.96390248,1
V0074,Honda,Civic,2020,Diesel,96820,5,Brake,2023,Software Bug,60.28421101,1
V0075,Toyota,F-150,2015,Hybrid,102674,2,Electronics,2005,Software Bug,39.71555096,0
V0076,Ford,X5,2023,Diesel,83882,0,Electronics,2023,Software Bug,51.34346855,1
V0077,BMW,X5,2001,Hybrid,178655,5,Transmission,2021,Software Bug,71.59504664,1
V0078,Toyota,Camry,2009,Petrol,67879,1,Airbag,2008,Faulty Component,0.186205648,0
V0079,BMW,Model 3,2012,Petrol,120457,0,Electronics,2004,Design Flaw,29.10017378,0
V0080,BMW,X5,2023,Petrol,115865,4,Transmission,2014,Faulty Component,58.23042389,1
V0081,Toyota,Civic,2020,Petrol,41662,5,Airbag,2002,Safety Regulation,32.80210026,0
V0082,Honda,F-150,2013,Hybrid,198434,4,Transmission,2001,Wear and Tear,72.04361036,1
V0083,Toyota,Civic,2001,Hybrid,161699,0,Brake,2009,Design Flaw,23.84605112,0
V0084,Tesla,X5,2010,Hybrid,11776,5,Transmission,2003,Faulty Component,43.59220611,0
V0085,Honda,X5,2005,Hybrid,70874,0,Transmission,2012,Wear and Tear,99.83130769,1
V0086,Tesla,Civic,2013,Electric,153904,3,Brake,2015,Software Bug,37.63240278,0
V0087,Tesla,Camry,2005,Petrol,198649,1,Electronics,2019,Design Flaw,32.62013971,0
V0088,Toyota,Model 3,2019,Diesel,142193,3,Airbag,2003,Safety Regulation,92.81354641,1
V0089,BMW,Camry,2001,Hybrid,155007,4,Engine,2016,Design Flaw,11.84565353,0
V0090,Tesla,Model 3,2013,Hybrid,120196,2,Brake,2010,Design Flaw,99.78529059,1
V0091,Honda,F-150,2011,Hybrid,49822,0,Electronics,2018,Faulty Component,52.12045927,1
V0092,BMW,Civic,2022,Petrol,100274,0,Airbag,2003,Wear and Tear,21.78949115,0
V0093,BMW,Camry,2002,Diesel,189307,2,Engine,2005,Design Flaw,47.16237453,0
V0094,Toyota,F-150,2022,Diesel,37035,5,Transmission,2020,Design Flaw,5.664967218,0
V0095,Ford,Civic,2008,Petrol,73469,2,Electronics,2006,Software Bug,10.8812975,0
V0096,Honda,X5,2014,Hybrid,46081,3,Engine,2015,Faulty Component,62.97832029,1
V0097,BMW,Camry,2019,Hybrid,119492,5,Transmission,2018,Design Flaw,44.73324559,0
V0098,Tesla,Camry,2014,Petrol,38962,5,Brake,2018,Safety Regulation,13.70449276,0
V0099,Tesla,Camry,2000,Electric,14096,0,Electronics,2011,Wear and Tear,18.69156291,0
V0100,Ford,X5,2015,Diesel,199828,0,Transmission,2004,Software Bug,34.86839593,0
V0101,Toyota,Model 3,2014,Hybrid,14613,4,Electronics,2016,Software Bug,82.80436423,1
V0102,BMW,Civic,2023,Petrol,53444,1,Engine,2016,Design Flaw,47.31157566,0
V0103,Honda,X5,2008,Diesel,125719,4,Airbag,2011,Safety Regulation,92.59767023,1
V0104,Ford,X5,2015,Petrol,178104,0,Engine,2021,Safety Regulation,71.3968966,1
V0105,Tesla,X5,2020,Petrol,84042,0,Transmission,2012,Software Bug,72.84186953,1
V0106,Ford,F-150,2000,Petrol,165943,2,Engine,2019,Safety Regulation,60.99200369,1
V0107,BMW,F-150,2017,Electric,14472,0,Brake,2003,Design Flaw,74.34814292,1
V0108,Tesla,Civic,2022,Hybrid,96603,3,Brake,2010,Wear and Tear,20.75418275,0
V0109,Ford,Civic,2010,Diesel,132457,3,Brake,2017,Software Bug,86.18023896,1
V0110,Toyota,F-150,2018,Diesel,80288,4,Engine,2016,Safety Regulation,61.9740475,1
V0111,BMW,Civic,2008,Electric,177221,0,Transmission,2012,Software Bug,74.74980647,1
V0112,Honda,X5,2004,Petrol,77446,5,Engine,2021,Software Bug,75.80440309,1
V0113,BMW,X5,2020,Diesel,57364,1,Engine,2007,Safety Regulation,38.92019708,0
V0114,Toyota,Model 3,2015,Electric,114621,4,Engine,2023,Software Bug,27.84525341,0
V0115,Tesla,Model 3,2001,Electric,96726,0,Brake,2014,Design Flaw,62.06440919,1
V0116,Tesla,X5,2021,Electric,128472,2,Engine,2020,Software Bug,10.76247455,0
V0117,BMW,Camry,2016,Electric,89604,1,Transmission,2006,Safety Regulation,92.83045483,1
V0118,Tesla,Civic,2011,Diesel,54769,0,Electronics,2011,Software Bug,88.88746185,1
V0119,Toyota,Camry,2004,Petrol,13357,3,Brake,2006,Safety Regulation,15.82982459,0
V0120,Toyota,Camry,2018,Electric,13900,0,Transmission,2008,Software Bug,58.54012339,1
V0121,Honda,Model 3,2011,Diesel,175833,0,Airbag,2003,Faulty Component,17.62461335,0
V0122,BMW,Camry,2006,Petrol,13420,3,Transmission,2010,Design Flaw,6.718014934,0
V0123,Honda,Model 3,2004,Diesel,108417,1,Engine,2016,Safety Regulation,27.91313597,0
V0124,BMW,Model 3,2017,Diesel,5762,3,Engine,2011,Software Bug,16.64386817,0
V0125,Tesla,X5,2001,Hybrid,86863,0,Engine,2019,Safety Regulation,45.7111921,0
V0126,Toyota,Civic,2008,Petrol,169430,4,Engine,2015,Wear and Tear,70.76379226,1
V0127,BMW,X5,2009,Petrol,193862,5,Electronics,2013,Design Flaw,85.66219376,1
V0128,BMW,Camry,2014,Hybrid,48925,5,Transmission,2000,Design Flaw,6.900947696,0
V0129,Ford,X5,2010,Diesel,163449,5,Electronics,2018,Faulty Component,70.88613052,1
V0130,Honda,Model 3,2011,Diesel,58027,1,Brake,2012,Wear and Tear,96.813248,1
V0131,Toyota,F-150,2007,Petrol,55262,1,Electronics,2007,Safety Regulation,40.06016693,0
V0132,Ford,F-150,2016,Electric,49015,3,Engine,2020,Safety Regulation,95.05395363,1
V0133,Toyota,F-150,2014,Electric,84877,4,Transmission,2001,Wear and Tear,93.8475581,1
V0134,Ford,Civic,2011,Hybrid,15870,2,Airbag,2005,Safety Regulation,12.13525684,0
V0135,Ford,Model 3,2002,Diesel,88919,5,Brake,2022,Faulty Component,4.967005911,0
V0136,Tesla,F-150,2002,Diesel,46577,3,Brake,2020,Wear and Tear,65.26462934,1
V0137,Honda,X5,2011,Diesel,129745,0,Transmission,2016,Wear and Tear,15.45871763,0
V0138,Toyota,F-150,2013,Petrol,154875,3,Brake,2005,Design Flaw,82.35122854,1
V0139,BMW,F-150,2001,Electric,162701,2,Engine,2006,Faulty Component,16.44741815,0
V0140,Ford,Camry,2006,Electric,11993,3,Brake,2013,Wear and Tear,45.99749469,0
V0141,Toyota,Civic,2001,Electric,132931,5,Airbag,2021,Design Flaw,88.88598375,1
V0142,BMW,X5,2023,Petrol,55702,1,Transmission,2021,Wear and Tear,17.96697736,0
V0143,Honda,X5,2018,Petrol,163815,5,Electronics,2001,Software Bug,51.67665453,1
V0144,Toyota,Civic,2001,Diesel,84840,2,Transmission,2012,Safety Regulation,94.17424925,1
V0145,Ford,X5,2013,Hybrid,168882,3,Transmission,2020,Wear and Tear,50.94086049,1
V0146,Toyota,Camry,2004,Petrol,159550,0,Transmission,2010,Wear and Tear,55.47887157,1
V0147,Ford,F-150,2021,Petrol,134693,0,Transmission,2006,Software Bug,1.593743632,0
V0148,BMW,Camry,2017,Hybrid,72349,3,Transmission,2011,Software Bug,95.7285239,1
V0149,Tesla,Model 3,2003,Electric,9400,0,Brake,2018,Faulty Component,89.73945774,1
V0150,BMW,F-150,2002,Petrol,24526,1,Airbag,2006,Safety Regulation,58.12522238,1
V0151,Honda,Camry,2023,Hybrid,120936,3,Brake,2022,Design Flaw,63.59976046,1
V0152,Honda,Camry,2000,Electric,104242,2,Engine,2017,Safety Regulation,53.43885187,1
V0153,BMW,Civic,2008,Electric,17408,1,Electronics,2018,Wear and Tear,80.24509511,1
V0154,Tesla,Model 3,2020,Petrol,166267,2,Engine,2014,Faulty Component,54.99469435,1
V0155,Ford,F-150,2000,Diesel,67636,4,Engine,2004,Faulty Component,15.43243996,0
V0156,BMW,X5,2021,Electric,104047,0,Airbag,2002,Software Bug,82.55808701,1
V0157,Toyota,Camry,2012,Diesel,197471,5,Airbag,2011,Wear and Tear,23.38297832,0
V0158,Ford,F-150,2004,Hybrid,157727,4,Airbag,2001,Design Flaw,4.641355652,0
V0159,Ford,Camry,2022,Electric,139005,2,Engine,2010,Faulty Component,22.53483561,0
V0160,BMW,Civic,2015,Electric,185410,0,Engine,2002,Faulty Component,29.04091969,0
V0161,Ford,Civic,2011,Petrol,120207,5,Engine,2021,Faulty Component,16.62474844,0
V0162,BMW,Civic,2004,Diesel,13319,1,Brake,2001,Software Bug,46.15754412,0
V0163,Toyota,F-150,2009,Electric,49655,5,Engine,2000,Software Bug,13.57077837,0
V0164,BMW,Camry,2011,Hybrid,72183,1,Brake,2015,Design Flaw,45.80561981,0
V0165,Tesla,Model 3,2023,Electric,7455,1,Transmission,2015,Design Flaw,3.788589438,0
V0166,Toyota,Civic,2002,Diesel,51041,0,Transmission,2010,Software Bug,98.53965681,1
V0167,BMW,X5,2000,Hybrid,93339,2,Electronics,2019,Safety Regulation,14.93880477,0
V0168,Honda,X5,2009,Diesel,147210,1,Electronics,2022,Faulty Component,64.59494006,1
V0169,Honda,X5,2015,Hybrid,129844,2,Transmission,2023,Wear and Tear,86.22912694,1
V0170,Tesla,Model 3,2003,Diesel,79765,3,Transmission,2023,Wear and Tear,27.29011733,0
V0171,BMW,Model 3,2017,Hybrid,187194,3,Brake,2011,Design Flaw,34.80176422,0
V0172,Honda,Civic,2012,Electric,52142,5,Brake,2019,Wear and Tear,63.32946717,1
V0173,Tesla,X5,2014,Diesel,31940,0,Brake,2022,Design Flaw,66.34607916,1
V0174,Ford,F-150,2004,Electric,6201,4,Airbag,2013,Faulty Component,89.06496537,1
V0175,BMW,Camry,2003,Electric,155711,3,Airbag,2013,Faulty Component,39.27257432,0
V0176,Toyota,Civic,2017,Electric,148647,2,Brake,2017,Safety Regulation,45.43143067,0
V0177,Tesla,Model 3,2006,Petrol,119248,4,Transmission,2021,Design Flaw,70.32003707,1
V0178,Toyota,F-150,2005,Hybrid,198926,5,Brake,2012,Safety Regulation,95.48626766,1
V0179,Tesla,Camry,2007,Petrol,176856,4,Brake,2008,Wear and Tear,59.12641181,1
V0180,Toyota,Civic,2003,Petrol,119199,1,Transmission,2009,Wear and Tear,63.06022581,1
V0181,Tesla,Civic,2021,Hybrid,40495,4,Electronics,2016,Wear and Tear,27.02015875,0
V0182,Toyota,Camry,2000,Hybrid,199621,2,Electronics,2019,Software Bug,73.20271734,1
V0183,BMW,F-150,2005,Hybrid,159166,5,Engine,2015,Safety Regulation,54.35238,1
V0184,Toyota,Model 3,2015,Petrol,27204,3,Engine,2002,Safety Regulation,40.3640172,0
V0185,BMW,F-150,2015,Petrol,126880,2,Transmission,2022,Wear and Tear,19.04412899,0
V0186,Toyota,Model 3,2012,Diesel,191242,2,Engine,2000,Safety Regulation,66.15300657,1
V0187,BMW,Camry,2000,Petrol,30525,5,Airbag,2015,Safety Regulation,94.76419311,1
V0188,Toyota,X5,2010,Petrol,124230,0,Engine,2021,Faulty Component,82.82082008,1
V0189,Toyota,X5,2010,Electric,78101,3,Transmission,2015,Design Flaw,63.12714979,1
V0190,Ford,X5,2008,Diesel,74956,5,Engine,2002,Faulty Component,6.319805257,0
V0191,Toyota,X5,2013,Diesel,114940,3,Electronics,2022,Wear and Tear,67.30846973,1
V0192,Tesla,Camry,2004,Hybrid,177834,3,Brake,2023,Design Flaw,18.40562428,0
V0193,Toyota,F-150,2020,Petrol,66695,2,Brake,2010,Design Flaw,44.76416313,0
V0194,Ford,Model 3,2002,Electric,154542,0,Airbag,2014,Faulty Component,14.57097999,0
V0195,Honda,Civic,2021,Petrol,82960,0,Transmission,2019,Safety Regulation,85.69053731,1
V0196,Honda,Camry,2009,Diesel,90205,1,Electronics,2010,Design Flaw,18.61770298,0
V0197,BMW,Civic,2007,Electric,35992,4,Engine,2003,Software Bug,67.66847339,1
V0198,Tesla,Model 3,2021,Diesel,197752,0,Electronics,2000,Wear and Tear,3.784275494,0
V0199,Tesla,X5,2004,Petrol,62944,0,Brake,2021,Software Bug,78.43477933,1
V0200,BMW,Camry,2002,Electric,87103,5,Brake,2003,Design Flaw,7.387804537,0
V0201,Toyota,Camry,2019,Electric,79919,5,Engine,2021,Wear and Tear,20.83747266,0
V0202,Tesla,Model 3,2005,Electric,103686,1,Airbag,2010,Wear and Tear,41.16266611,0
V0203,Honda,F-150,2011,Diesel,105775,3,Airbag,2003,Software Bug,20.84662075,0
V0204,Honda,Model 3,2007,Hybrid,92783,1,Brake,2011,Safety Regulation,77.80007939,1
V0205,Toyota,Camry,2018,Diesel,139747,2,Engine,2007,Software Bug,70.30351039,1
V0206,BMW,F-150,2011,Diesel,7831,0,Brake,2005,Wear and Tear,26.51662924,0
V0207,Toyota,Camry,2012,Petrol,72490,2,Engine,2018,Design Flaw,27.02703037,0
V0208,Toyota,Camry,2020,Hybrid,125255,1,Transmission,2002,Software Bug,23.82260788,0
V0209,Tesla,F-150,2013,Diesel,141225,5,Brake,2000,Software Bug,50.79642287,1
V0210,BMW,Camry,2019,Hybrid,13125,5,Engine,2017,Wear and Tear,11.45236526,0
V0211,Toyota,Civic,2005,Diesel,124361,5,Airbag,2011,Design Flaw,85.0348434,1
V0212,Tesla,F-150,2015,Petrol,160551,1,Transmission,2004,Safety Regulation,16.03568869,0
V0213,Toyota,Camry,2009,Electric,153252,2,Electronics,2007,Wear and Tear,28.4642224,0
V0214,Honda,X5,2013,Petrol,115622,3,Transmission,2014,Design Flaw,26.05518576,0
V0215,Tesla,Camry,2020,Electric,124194,5,Engine,2008,Design Flaw,18.3210387,0
V0216,Honda,Civic,2020,Petrol,171358,2,Transmission,2002,Software Bug,91.374454,1
V0217,Tesla,X5,2001,Hybrid,7181,1,Electronics,2018,Design Flaw,42.32084075,0
V0218,Tesla,Camry,2013,Hybrid,132136,2,Brake,2013,Safety Regulation,67.42580774,1
V0219,Toyota,X5,2003,Electric,35676,4,Transmission,2005,Faulty Component,54.15197558,1
V0220,Toyota,Civic,2000,Petrol,153692,0,Electronics,2012,Wear and Tear,83.85172245,1
V0221,Honda,F-150,2016,Electric,68757,4,Electronics,2000,Safety Regulation,21.65621072,0
V0222,BMW,Camry,2011,Electric,126210,4,Electronics,2000,Safety Regulation,60.07566653,1
V0223,Honda,Model 3,2004,Diesel,44079,5,Brake,2013,Design Flaw,88.70609362,1
V0224,Ford,F-150,2004,Hybrid,15653,1,Transmission,2004,Wear and Tear,55.19180584,1
V0225,Honda,F-150,2012,Electric,5525,0,Engine,2020,Design Flaw,24.33559823,0
V0226,Honda,F-150,2006,Electric,125186,4,Airbag,2007,Software Bug,31.69325834,0
V0227,Honda,Model 3,2003,Petrol,189285,4,Brake,2022,Safety Regulation,25.27563076,0
V0228,Toyota,Camry,2022,Hybrid,148791,3,Electronics,2015,Design Flaw,15.61436849,0
V0229,Ford,X5,2002,Hybrid,47049,5,Transmission,2003,Wear and Tear,94.19877381,1
V0230,Toyota,Camry,2022,Hybrid,190974,3,Engine,2018,Wear and Tear,1.735208488,0
V0231,Ford,Civic,2005,Diesel,132123,4,Transmission,2001,Software Bug,38.2372886,0
V0232,Ford,Camry,2022,Petrol,119869,1,Transmission,2010,Wear and Tear,14.35774363,0
V0233,Toyota,F-150,2015,Diesel,110157,3,Airbag,2021,Design Flaw,9.206114691,0
V0234,Tesla,Model 3,2012,Diesel,82256,5,Brake,2014,Software Bug,69.35892344,1
V0235,Ford,Model 3,2005,Diesel,188747,1,Engine,2019,Design Flaw,5.761621501,0
V0236,Tesla,F-150,2021,Diesel,17502,4,Airbag,2023,Faulty Component,73.13051172,1
V0237,Honda,X5,2012,Petrol,61962,3,Airbag,2023,Design Flaw,23.59377057,0
V0238,Toyota,Model 3,2013,Electric,192370,2,Engine,2020,Faulty Component,36.66661878,0
V0239,Ford,F-150,2006,Diesel,61727,1,Brake,2002,Software Bug,10.39746119,0
V0240,Ford,Camry,2011,Electric,128622,2,Airbag,2011,Faulty Component,20.52981958,0
V0241,Ford,X5,2014,Diesel,114941,4,Airbag,2007,Software Bug,18.11193108,0
V0242,BMW,Camry,2005,Hybrid,86673,4,Airbag,2020,Wear and Tear,20.85058676,0
V0243,Honda,F-150,2015,Diesel,191797,0,Brake,2000,Faulty Component,2.030479304,0
V0244,Toyota,Civic,2023,Electric,29602,4,Brake,2018,Wear and Tear,36.90094906,0
V0245,Ford,F-150,2001,Petrol,102277,3,Electronics,2010,Design Flaw,19.64220251,0
V0246,Tesla,F-150,2009,Hybrid,159948,3,Brake,2003,Software Bug,64.01855207,1
V0247,Toyota,Civic,2019,Petrol,165508,4,Brake,2002,Software Bug,99.47945785,1
V0248,Honda,Model 3,2018,Diesel,99947,4,Brake,2009,Wear and Tear,92.02645509,1
V0249,Tesla,X5,2020,Diesel,188605,2,Transmission,2016,Wear and Tear,57.30518447,1
V0250,Toyota,Camry,2001,Petrol,71950,1,Engine,2021,Wear and Tear,84.90682456,1
V0251,BMW,Model 3,2016,Electric,196169,0,Electronics,2015,Faulty Component,61.6336873,1
V0252,Toyota,Model 3,2003,Hybrid,152791,3,Airbag,2003,Safety Regulation,76.43884238,1
V0253,Ford,F-150,2023,Petrol,61644,2,Transmission,2022,Safety Regulation,8.261433743,0
V0254,Honda,Model 3,2015,Electric,164958,1,Brake,2023,Software Bug,88.05935955,1
V0255,BMW,Civic,2003,Petrol,177569,2,Transmission,2011,Faulty Component,89.37930396,1
V0256,Tesla,X5,2009,Diesel,18669,0,Airbag,2018,Faulty Component,14.97196551,0
V0257,BMW,Civic,2011,Petrol,18521,5,Transmission,2023,Wear and Tear,65.54616055,1
V0258,Toyota,Civic,2015,Electric,171019,4,Engine,2016,Faulty Component,57.90927009,1
V0259,BMW,X5,2019,Hybrid,39872,1,Transmission,2010,Safety Regulation,18.5097165,0
V0260,Honda,Camry,2010,Petrol,152750,5,Brake,2007,Safety Regulation,25.5502486,0
V0261,Tesla,Camry,2016,Diesel,37573,0,Engine,2003,Safety Regulation,85.54746992,1
V0262,Tesla,Model 3,2021,Petrol,176569,4,Engine,2006,Design Flaw,73.92519856,1
V0263,Toyota,X5,2022,Diesel,186322,3,Electronics,2017,Software Bug,80.20594834,1
V0264,Ford,F-150,2006,Diesel,110450,5,Transmission,2021,Wear and Tear,39.75006739,0
V0265,Toyota,F-150,2006,Diesel,108660,4,Electronics,2000,Software Bug,67.73252528,1
V0266,Honda,F-150,2008,Petrol,92142,1,Transmission,2010,Faulty Component,36.96393723,0
V0267,Tesla,Civic,2015,Hybrid,71003,0,Brake,2014,Faulty Component,44.76056731,0
V0268,Tesla,X5,2014,Hybrid,39585,2,Airbag,2014,Wear and Tear,95.23462569,1
V0269,Ford,Civic,2012,Electric,142250,5,Brake,2020,Safety Regulation,48.81454592,0
V0270,Tesla,Camry,2006,Electric,67335,4,Electronics,2015,Design Flaw,44.32874927,0
V0271,Toyota,Model 3,2019,Petrol,13480,5,Transmission,2016,Wear and Tear,57.71498687,1
V0272,BMW,Civic,2015,Hybrid,17436,4,Transmission,2023,Faulty Component,83.08986714,1
V0273,BMW,F-150,2022,Hybrid,170877,2,Transmission,2022,Faulty Component,32.46530786,0
V0274,Honda,Model 3,2017,Electric,77344,2,Airbag,2018,Faulty Component,17.07036774,0
V0275,Tesla,Civic,2004,Electric,198892,3,Brake,2009,Safety Regulation,15.58207635,0
V0276,Tesla,Camry,2008,Petrol,93456,0,Electronics,2001,Wear and Tear,88.04156629,1
V0277,Toyota,X5,2020,Hybrid,98175,5,Engine,2016,Design Flaw,4.290642471,0
V0278,Ford,Model 3,2019,Hybrid,34518,3,Brake,2007,Design Flaw,4.093029352,0
V0279,Tesla,Civic,2018,Petrol,98385,0,Electronics,2007,Wear and Tear,67.5262259,1
V0280,Ford,Model 3,2020,Electric,67267,1,Brake,2018,Faulty Component,32.29723704,0
V0281,BMW,F-150,2013,Hybrid,36044,3,Brake,2002,Safety Regulation,98.50970814,1
V0282,BMW,X5,2011,Hybrid,179594,0,Airbag,2016,Software Bug,30.09610239,0
V0283,BMW,Model 3,2013,Petrol,67202,1,Airbag,2010,Software Bug,25.15400227,0
V0284,Honda,Civic,2018,Petrol,178270,5,Transmission,2013,Faulty Component,30.24251908,0
V0285,Tesla,X5,2009,Hybrid,92371,3,Airbag,2008,Safety Regulation,85.22808605,1
V0286,Ford,X5,2000,Electric,79620,2,Brake,2012,Wear and Tear,15.94580909,0
V0287,BMW,Model 3,2008,Hybrid,60477,5,Airbag,2008,Safety Regulation,0.370067153,0
V0288,Honda,X5,2018,Hybrid,106040,3,Transmission,2006,Software Bug,19.7131038,0
V0289,Tesla,F-150,2021,Petrol,117295,3,Airbag,2023,Safety Regulation,36.52065419,0
V0290,Tesla,Model 3,2008,Petrol,46201,1,Electronics,2005,Faulty Component,21.10242178,0
V0291,Tesla,Civic,2009,Diesel,100280,0,Engine,2005,Safety Regulation,99.83167997,1
V0292,Tesla,Model 3,2001,Diesel,166219,2,Brake,2013,Wear and Tear,97.3073027,1
V0293,Ford,Civic,2008,Diesel,171224,1,Transmission,2015,Design Flaw,16.78049603,0
V0294,Ford,X5,2006,Diesel,155420,2,Transmission,2013,Faulty Component,28.67674887,0
V0295,Honda,X5,2019,Diesel,138476,0,Transmission,2009,Safety Regulation,52.24930205,1
V0296,Honda,X5,2019,Electric,58946,2,Brake,2023,Software Bug,88.12840922,1
V0297,Tesla,X5,2021,Diesel,181910,2,Engine,2020,Design Flaw,44.25091463,0
V0298,Tesla,Civic,2018,Petrol,140878,0,Engine,2006,Design Flaw,62.0075099,1
V0299,BMW,Camry,2021,Diesel,190639,1,Electronics,2017,Safety Regulation,36.42342967,0
V0300,Tesla,F-150,2021,Hybrid,12262,5,Brake,2020,Faulty Component,90.56055031,1
V0301,Honda,F-150,2005,Petrol,99613,5,Engine,2015,Faulty Component,39.04424194,0
V0302,Honda,Civic,2022,Diesel,105246,0,Engine,2017,Design Flaw,25.31310738,0
V0303,BMW,Camry,2010,Electric,62112,4,Transmission,2016,Faulty Component,35.70630749,0
V0304,Tesla,Model 3,2015,Hybrid,55662,0,Brake,2010,Wear and Tear,65.84717765,1
V0305,Tesla,Camry,2010,Electric,92330,5,Airbag,2003,Wear and Tear,74.17135937,1
V0306,BMW,Model 3,2016,Petrol,40903,3,Electronics,2005,Wear and Tear,20.86538704,0
V0307,Honda,Civic,2021,Electric,11883,4,Airbag,2009,Design Flaw,6.623310372,0
V0308,Toyota,X5,2017,Electric,122457,3,Brake,2012,Software Bug,38.14588568,0
V0309,Tesla,Camry,2021,Electric,190727,1,Transmission,2007,Wear and Tear,94.76820628,1
V0310,Toyota,Camry,2022,Petrol,114254,4,Airbag,2008,Safety Regulation,69.33948327,1
V0311,Honda,Camry,2004,Electric,135311,0,Transmission,2013,Software Bug,19.03778888,0
V0312,BMW,X5,2013,Petrol,150384,3,Brake,2014,Software Bug,16.60223887,0
V0313,Honda,Civic,2023,Hybrid,175937,2,Brake,2022,Design Flaw,48.61976704,0
V0314,Tesla,Camry,2002,Petrol,195149,5,Transmission,2015,Faulty Component,4.958670202,0
V0315,Ford,Civic,2000,Hybrid,113542,0,Engine,2014,Faulty Component,52.85918901,1
V0316,BMW,Model 3,2016,Hybrid,165546,0,Brake,2007,Design Flaw,59.3546666,1
V0317,BMW,X5,2003,Diesel,29904,0,Engine,2020,Design Flaw,83.44847354,1
V0318,Toyota,Model 3,2018,Electric,136257,2,Brake,2008,Wear and Tear,63.7735112,1
V0319,Toyota,Model 3,2023,Petrol,28108,3,Electronics,2021,Design Flaw,70.93835315,1
V0320,Ford,Camry,2007,Diesel,185098,2,Engine,2016,Wear and Tear,16.62895298,0
V0321,Toyota,Model 3,2007,Hybrid,146087,0,Engine,2016,Wear and Tear,71.53960751,1
V0322,Toyota,Camry,2016,Hybrid,69575,4,Brake,2013,Faulty Component,94.37424938,1
V0323,Honda,X5,2007,Petrol,42683,5,Airbag,2019,Safety Regulation,20.09049474,0
V0324,Tesla,Model 3,2011,Petrol,192792,0,Electronics,2011,Design Flaw,41.71897004,0
V0325,BMW,Civic,2021,Hybrid,40252,1,Electronics,2017,Faulty Component,7.468403608,0
V0326,Honda,Model 3,2006,Diesel,188514,0,Engine,2002,Wear and Tear,90.36607806,1
V0327,Ford,Camry,2010,Diesel,132090,4,Transmission,2004,Wear and Tear,86.46085528,1
V0328,Honda,Model 3,2011,Hybrid,69263,3,Engine,2012,Wear and Tear,1.628916036,0
V0329,Ford,Civic,2007,Petrol,114457,0,Engine,2005,Software Bug,46.48085164,0
V0330,BMW,Camry,2001,Electric,10096,3,Engine,2015,Wear and Tear,44.70992937,0
V0331,Toyota,Camry,2002,Petrol,29549,2,Electronics,2011,Software Bug,2.907001915,0
V0332,Ford,F-150,2019,Electric,28700,3,Transmission,2022,Software Bug,41.62538184,0
V0333,Toyota,Model 3,2003,Petrol,67907,3,Transmission,2003,Software Bug,23.48523622,0
V0334,Ford,F-150,2004,Hybrid,178124,4,Engine,2016,Faulty Component,86.37972362,1
V0335,BMW,X5,2020,Electric,11725,3,Airbag,2022,Wear and Tear,53.01529563,1
V0336,Toyota,Civic,2004,Petrol,45491,4,Airbag,2009,Safety Regulation,31.87971267,0
V0337,Toyota,F-150,2015,Diesel,67433,1,Airbag,2023,Software Bug,37.04481265,0
V0338,BMW,F-150,2014,Petrol,55389,0,Brake,2004,Faulty Component,11.0276613,0
V0339,Honda,X5,2011,Petrol,145249,5,Engine,2001,Design Flaw,24.69947251,0
V0340,Tesla,Model 3,2008,Hybrid,58138,3,Transmission,2016,Faulty Component,35.41049252,0
V0341,BMW,Model 3,2002,Electric,147186,0,Electronics,2004,Faulty Component,87.70243355,1
V0342,BMW,Model 3,2011,Electric,85875,5,Brake,2006,Design Flaw,37.56437587,0
V0343,BMW,Model 3,2022,Diesel,171887,1,Transmission,2011,Safety Regulation,50.76343352,1
V0344,Toyota,Camry,2015,Hybrid,75013,0,Brake,2010,Safety Regulation,41.05737319,0
V0345,Tesla,F-150,2020,Petrol,133870,1,Brake,2017,Wear and Tear,82.66168273,1
V0346,Toyota,Model 3,2009,Diesel,93528,0,Brake,2016,Safety Regulation,38.87254822,0
V0347,Honda,Model 3,2009,Diesel,180268,2,Transmission,2019,Software Bug,4.100132148,0
V0348,Ford,Civic,2017,Diesel,186823,0,Brake,2011,Safety Regulation,54.34125172,1
V0349,Honda,X5,2013,Hybrid,185724,2,Airbag,2005,Faulty Component,39.89702087,0
V0350,Toyota,Model 3,2007,Electric,96847,0,Transmission,2020,Safety Regulation,55.5920459,1
V0351,Tesla,Civic,2015,Diesel,109797,4,Engine,2008,Safety Regulation,83.61369642,1
V0352,Ford,X5,2018,Hybrid,25239,5,Airbag,2011,Design Flaw,41.69114281,0
V0353,Toyota,Camry,2001,Petrol,55926,4,Engine,2014,Software Bug,45.59394084,0
V0354,Toyota,Model 3,2017,Petrol,29524,0,Transmission,2020,Wear and Tear,85.05815054,1
V0355,Ford,Civic,2012,Diesel,168839,3,Brake,2000,Safety Regulation,72.93632907,1
V0356,Honda,X5,2022,Diesel,9593,1,Engine,2013,Design Flaw,45.81397718,0
V0357,BMW,X5,2002,Petrol,33221,0,Airbag,2018,Faulty Component,89.43289638,1
V0358,Tesla,F-150,2012,Petrol,113689,5,Transmission,2012,Safety Regulation,59.84966201,1
V0359,Tesla,Civic,2022,Electric,72922,1,Electronics,2021,Wear and Tear,83.17754241,1
V0360,Honda,Civic,2005,Hybrid,39861,1,Engine,2012,Safety Regulation,76.80675006,1
V0361,Tesla,F-150,2011,Diesel,168017,1,Airbag,2011,Design Flaw,79.85690153,1
V0362,Toyota,Civic,2018,Electric,138838,5,Airbag,2017,Safety Regulation,97.59447447,1
V0363,Ford,X5,2021,Hybrid,112513,2,Engine,2005,Design Flaw,50.64838177,1
V0364,Toyota,Camry,2009,Petrol,42181,0,Engine,2002,Software Bug,3.14784774,0
V0365,Toyota,Civic,2021,Petrol,75886,1,Transmission,2013,Design Flaw,12.33775089,0
V0366,BMW,Camry,2004,Diesel,186718,1,Engine,2000,Wear and Tear,37.00667346,0
V0367,BMW,Civic,2001,Petrol,39709,0,Brake,2000,Design Flaw,93.48624066,1
V0368,Toyota,Camry,2007,Petrol,196067,3,Brake,2007,Design Flaw,35.79826629,0
V0369,Toyota,Camry,2006,Hybrid,92301,4,Electronics,2019,Software Bug,68.76233241,1
V0370,Toyota,Camry,2019,Electric,103434,1,Brake,2005,Software Bug,72.56866743,1
V0371,Tesla,Model 3,2021,Petrol,31357,2,Transmission,2014,Safety Regulation,68.63768407,1
V0372,Tesla,Camry,2011,Electric,32610,3,Electronics,2010,Software Bug,41.60327729,0
V0373,Honda,Model 3,2013,Petrol,81131,4,Engine,2008,Software Bug,22.97141924,0
V0374,Ford,Model 3,2008,Diesel,46857,2,Transmission,2014,Software Bug,97.28116002,1
V0375,BMW,Camry,2002,Hybrid,96106,4,Transmission,2016,Wear and Tear,63.90307922,1
V0376,Ford,F-150,2001,Diesel,11258,2,Electronics,2013,Design Flaw,97.62681064,1
V0377,BMW,Camry,2022,Petrol,165772,3,Electronics,2008,Safety Regulation,59.81172311,1
V0378,Toyota,Civic,2011,Hybrid,118463,3,Electronics,2004,Faulty Component,55.62261365,1
V0379,Tesla,X5,2012,Hybrid,150268,3,Engine,2021,Wear and Tear,43.20633119,0
V0380,Honda,X5,2003,Diesel,104686,4,Electronics,2022,Software Bug,31.8004995,0
V0381,Ford,X5,2009,Electric,190246,4,Electronics,2000,Wear and Tear,44.86563441,0
V0382,Honda,F-150,2016,Petrol,106847,4,Transmission,2000,Wear and Tear,13.00795259,0
V0383,Honda,Civic,2004,Diesel,133685,2,Electronics,2003,Faulty Component,98.0393147,1
V0384,Ford,F-150,2008,Electric,12860,2,Brake,2011,Faulty Component,35.99339967,0
V0385,Ford,Camry,2010,Diesel,11069,4,Engine,2007,Software Bug,69.85131006,1
V0386,Tesla,Model 3,2008,Petrol,93265,0,Brake,2006,Safety Regulation,9.770200388,0
V0387,Tesla,X5,2000,Diesel,42939,5,Brake,2015,Software Bug,99.22945109,1
V0388,Ford,Camry,2005,Diesel,82815,0,Transmission,2019,Software Bug,39.80178289,0
V0389,Honda,Civic,2010,Electric,100535,2,Electronics,2023,Faulty Component,23.30031489,0
V0390,BMW,Model 3,2016,Hybrid,35406,1,Brake,2000,Faulty Component,54.63933863,1
V0391,BMW,F-150,2002,Petrol,98447,5,Electronics,2001,Design Flaw,71.84780421,1
V0392,Honda,Model 3,2020,Hybrid,50755,2,Transmission,2017,Software Bug,25.9715642,0
V0393,BMW,X5,2012,Diesel,69570,1,Airbag,2019,Safety Regulation,35.11611304,0
V0394,Ford,Camry,2008,Petrol,129722,3,Transmission,2022,Faulty Component,3.189357237,0
V0395,Ford,X5,2006,Hybrid,15647,4,Electronics,2013,Safety Regulation,15.18102843,0
V0396,Honda,Civic,2018,Petrol,53450,2,Brake,2001,Design Flaw,77.69092826,1
V0397,Tesla,X5,2005,Petrol,110006,3,Electronics,2003,Design Flaw,45.81965278,0
V0398,Tesla,F-150,2020,Hybrid,137438,1,Airbag,2022,Faulty Component,96.84274899,1
V0399,BMW,X5,2012,Petrol,193169,1,Brake,2017,Design Flaw,23.58835832,0
V0400,Toyota,Model 3,2009,Diesel,148363,3,Airbag,2009,Software Bug,21.78922488,0
V0401,Ford,Model 3,2022,Hybrid,84600,5,Brake,2005,Design Flaw,40.85262286,0
V0402,Toyota,Camry,2002,Petrol,155185,5,Brake,2016,Faulty Component,2.098430879,0
V0403,Tesla,Camry,2004,Diesel,31480,0,Transmission,2006,Safety Regulation,38.82653977,0
V0404,Ford,X5,2008,Diesel,13548,3,Engine,2018,Design Flaw,12.85288879,0
V0405,Honda,X5,2009,Hybrid,120744,5,Engine,2002,Design Flaw,2.813985735,0
V0406,Honda,F-150,2001,Diesel,18980,4,Transmission,2023,Wear and Tear,94.52424901,1
V0407,Toyota,Model 3,2021,Electric,112852,4,Brake,2023,Software Bug,94.06062286,1
V0408,Honda,Camry,2006,Hybrid,73605,3,Transmission,2018,Design Flaw,6.952589061,0
V0409,Tesla,Camry,2003,Diesel,124815,1,Brake,2020,Design Flaw,55.21462346,1
V0410,BMW,Camry,2018,Hybrid,37838,1,Electronics,2022,Software Bug,87.45702183,1
V0411,Honda,Civic,2006,Petrol,171229,0,Transmission,2013,Software Bug,68.80444432,1
V0412,Honda,Camry,2019,Hybrid,171089,5,Airbag,2008,Software Bug,41.16020421,0
V0413,BMW,X5,2016,Diesel,171054,0,Transmission,2010,Safety Regulation,44.43135278,0
V0414,Toyota,Camry,2002,Hybrid,163000,0,Brake,2004,Software Bug,76.36016162,1
V0415,Tesla,Model 3,2001,Hybrid,19436,4,Electronics,2009,Software Bug,99.43212295,1
V0416,Ford,X5,2009,Diesel,192738,1,Engine,2020,Faulty Component,18.95367616,0
V0417,BMW,Model 3,2008,Petrol,68110,1,Brake,2003,Faulty Component,58.91926379,1
V0418,Honda,Civic,2023,Electric,66047,4,Engine,2014,Faulty Component,63.56370853,1
V0419,BMW,Camry,2000,Petrol,12896,4,Brake,2014,Software Bug,81.12291559,1
V0420,Honda,Model 3,2023,Hybrid,23870,2,Electronics,2013,Safety Regulation,66.46970144,1
V0421,Ford,X5,2003,Electric,192781,4,Airbag,2016,Safety Regulation,9.183396915,0
V0422,Tesla,X5,2018,Diesel,190161,5,Transmission,2020,Faulty Component,22.62519233,0
V0423,Tesla,X5,2000,Electric,92374,3,Airbag,2006,Software Bug,34.57966929,0
V0424,Ford,Camry,2003,Electric,106480,4,Brake,2000,Wear and Tear,24.79472043,0
V0425,Toyota,Civic,2022,Petrol,52815,0,Airbag,2021,Design Flaw,97.55186632,1
V0426,Toyota,Camry,2009,Petrol,96758,3,Transmission,2009,Faulty Component,42.46623888,0
V0427,Honda,X5,2002,Electric,167922,0,Brake,2008,Wear and Tear,3.224031774,0
V0428,Toyota,F-150,2013,Petrol,34991,5,Brake,2002,Design Flaw,73.84305381,1
V0429,Honda,X5,2007,Petrol,64114,2,Brake,2015,Faulty Component,18.47789945,0
V0430,Honda,Camry,2009,Petrol,30847,1,Airbag,2004,Wear and Tear,65.42049373,1
V0431,Ford,Model 3,2006,Diesel,69245,4,Electronics,2010,Design Flaw,21.53261046,0
V0432,BMW,F-150,2015,Diesel,124582,3,Brake,2011,Design Flaw,22.35695596,0
V0433,Toyota,Model 3,2020,Electric,57872,4,Electronics,2002,Safety Regulation,37.42548017,0
V0434,Toyota,X5,2002,Electric,88437,5,Electronics,2018,Faulty Component,94.97907719,1
V0435,Honda,Camry,2011,Hybrid,186674,2,Brake,2004,Design Flaw,15.55817985,0
V0436,BMW,Camry,2003,Diesel,120872,1,Transmission,2009,Wear and Tear,6.419828162,0
V0437,Ford,Model 3,2022,Hybrid,85307,3,Electronics,2013,Wear and Tear,79.4816733,1
V0438,Toyota,F-150,2006,Hybrid,198124,3,Brake,2002,Software Bug,75.54147303,1
V0439,Tesla,X5,2020,Electric,57984,4,Airbag,2005,Safety Regulation,30.51092856,0
V0440,Tesla,Camry,2022,Petrol,100215,4,Transmission,2023,Safety Regulation,1.430778234,0
V0441,Ford,Model 3,2006,Petrol,97378,4,Electronics,2011,Design Flaw,65.74635215,1
V0442,BMW,Civic,2013,Diesel,191263,5,Transmission,2009,Design Flaw,99.54130752,1
V0443,Toyota,Civic,2019,Hybrid,156834,0,Airbag,2007,Design Flaw,44.7050175,0
V0444,Honda,F-150,2004,Electric,186612,3,Airbag,2002,Safety Regulation,0.799762304,0
V0445,BMW,Civic,2004,Diesel,25757,0,Electronics,2015,Safety Regulation,62.54008719,1
V0446,Tesla,Model 3,2002,Diesel,62687,4,Engine,2006,Software Bug,53.90875123,1
V0447,Honda,F-150,2008,Petrol,119613,2,Airbag,2005,Safety Regulation,1.794377993,0
V0448,Toyota,Camry,2017,Diesel,160884,0,Transmission,2015,Software Bug,1.530688805,0
V0449,Toyota,X5,2005,Petrol,6846,2,Brake,2004,Safety Regulation,8.399740766,0
V0450,Honda,Civic,2011,Electric,75160,3,Brake,2023,Design Flaw,34.36856009,0
V0451,Ford,F-150,2016,Diesel,49465,3,Engine,2016,Design Flaw,22.65984482,0
V0452,Ford,Model 3,2007,Hybrid,190891,3,Transmission,2002,Software Bug,29.39413085,0
V0453,Tesla,X5,2015,Petrol,154195,0,Transmission,2005,Safety Regulation,96.37166043,1
V0454,Ford,Model 3,2005,Petrol,99483,1,Electronics,2005,Software Bug,23.79177205,0
V0455,Honda,X5,2014,Hybrid,134791,0,Airbag,2022,Wear and Tear,14.22028277,0
V0456,Ford,F-150,2014,Diesel,107285,0,Engine,2022,Safety Regulation,95.82601322,1
V0457,Honda,Model 3,2000,Petrol,180049,3,Brake,2018,Wear and Tear,7.021068111,0
V0458,Honda,Civic,2004,Electric,90736,4,Electronics,2003,Software Bug,13.38813108,0
V0459,Ford,X5,2017,Petrol,14883,5,Brake,2016,Safety Regulation,48.96333292,0
V0460,Toyota,Camry,2006,Petrol,15342,1,Airbag,2021,Wear and Tear,27.27811238,0
V0461,Ford,Civic,2008,Diesel,65667,4,Airbag,2002,Software Bug,52.16319325,1
V0462,Ford,Civic,2000,Petrol,87585,3,Engine,2007,Faulty Component,51.4595987,1
V0463,Tesla,Camry,2008,Electric,184851,0,Electronics,2005,Software Bug,63.85613574,1
V0464,Ford,X5,2016,Diesel,190997,2,Electronics,2019,Safety Regulation,48.09133757,0
V0465,Honda,Camry,2001,Hybrid,113000,3,Engine,2002,Safety Regulation,39.54566471,0
V0466,Ford,Camry,2010,Electric,159712,3,Electronics,2002,Software Bug,53.23119967,1
V0467,Tesla,Civic,2018,Diesel,42401,5,Airbag,2019,Software Bug,38.897128,0
V0468,BMW,Camry,2013,Petrol,74833,4,Transmission,2001,Faulty Component,69.19378361,1
V0469,Tesla,F-150,2004,Electric,103776,2,Transmission,2022,Faulty Component,26.45775987,0
V0470,Toyota,Camry,2018,Hybrid,56583,2,Brake,2001,Faulty Component,65.8237987,1
V0471,Toyota,Model 3,2011,Diesel,148006,5,Engine,2013,Wear and Tear,25.28706757,0
V0472,Ford,X5,2023,Hybrid,85832,4,Brake,2018,Wear and Tear,21.45717112,0
V0473,Ford,F-150,2014,Diesel,181810,2,Brake,2011,Safety Regulation,89.65882574,1
V0474,Toyota,Civic,2008,Hybrid,24688,4,Transmission,2012,Faulty Component,57.83050241,1
V0475,Tesla,X5,2017,Diesel,45737,5,Brake,2001,Wear and Tear,67.18369864,1
V0476,BMW,F-150,2016,Diesel,40960,3,Airbag,2007,Design Flaw,51.43763563,1
V0477,BMW,Civic,2013,Electric,48206,1,Engine,2003,Design Flaw,91.0503031,1
V0478,Ford,Model 3,2022,Diesel,175566,1,Transmission,2018,Software Bug,92.65503033,1
V0479,BMW,Camry,2000,Diesel,26365,2,Brake,2014,Wear and Tear,54.56878436,1
V0480,BMW,Model 3,2001,Diesel,160399,4,Airbag,2010,Safety Regulation,4.04325386,0
V0481,Ford,Camry,2015,Diesel,22465,5,Electronics,2018,Design Flaw,28.49580718,0
V0482,Ford,Civic,2003,Diesel,14977,0,Engine,2022,Software Bug,10.69802117,0
V0483,BMW,F-150,2018,Petrol,27131,2,Airbag,2002,Design Flaw,6.29621591,0
V0484,Ford,Civic,2015,Hybrid,150851,4,Engine,2005,Design Flaw,89.10695333,1
V0485,BMW,Model 3,2020,Hybrid,171984,3,Brake,2007,Faulty Component,25.98632135,0
V0486,BMW,X5,2022,Diesel,18741,5,Electronics,2023,Software Bug,84.21096099,1
V0487,Tesla,Model 3,2009,Hybrid,112130,3,Airbag,2009,Wear and Tear,58.99558399,1
V0488,BMW,F-150,2016,Diesel,180085,0,Transmission,2015,Faulty Component,49.85222286,0
V0489,BMW,Camry,2015,Petrol,170571,1,Transmission,2010,Wear and Tear,87.22319775,1
V0490,Honda,Camry,2017,Electric,114165,1,Transmission,2021,Design Flaw,37.3469935,0
V0491,Ford,Camry,2012,Hybrid,25828,4,Brake,2004,Design Flaw,40.42452788,0
V0492,Toyota,Camry,2022,Petrol,105820,4,Electronics,2023,Safety Regulation,90.00974012,1
V0493,Honda,F-150,2023,Petrol,43931,4,Electronics,2008,Software Bug,98.10645712,1
V0494,Toyota,Civic,2002,Diesel,42935,4,Electronics,2013,Wear and Tear,99.65649103,1
V0495,Ford,X5,2006,Hybrid,112028,5,Airbag,2011,Faulty Component,0.847185711,0
V0496,Toyota,X5,2009,Petrol,92614,0,Electronics,2010,Faulty Component,55.20305234,1
V0497,Tesla,Camry,2019,Hybrid,124333,5,Electronics,2022,Software Bug,26.59775307,0
V0498,Toyota,X5,2000,Diesel,139503,0,Electronics,2002,Software Bug,19.48843932,0
V0499,Toyota,X5,2012,Electric,160131,5,Airbag,2009,Safety Regulation,64.94073263,1
V0500,Toyota,Camry,2016,Hybrid,13193,2,Electronics,2019,Software Bug,40.46590538,0
V0501,BMW,Civic,2009,Electric,128866,3,Engine,2018,Wear and Tear,28.73913887,0
V0502,Honda,Camry,2003,Diesel,77819,3,Airbag,2005,Wear and Tear,13.85618459,0
V0503,Toyota,Camry,2011,Petrol,168143,1,Engine,2019,Design Flaw,72.95862847,1
V0504,Toyota,Model 3,2020,Hybrid,12297,1,Airbag,2013,Design Flaw,41.88659199,0
V0505,Ford,X5,2000,Hybrid,189230,2,Electronics,2009,Software Bug,56.85537518,1
V0506,Tesla,X5,2007,Petrol,121373,4,Engine,2013,Safety Regulation,66.01718106,1
V0507,Toyota,Camry,2016,Electric,90565,3,Transmission,2022,Faulty Component,42.71788162,0
V0508,Toyota,X5,2007,Petrol,177913,3,Transmission,2006,Wear and Tear,88.29968678,1
V0509,Tesla,Civic,2019,Electric,188163,0,Engine,2006,Wear and Tear,79.7931299,1
V0510,Tesla,Camry,2009,Petrol,90011,4,Brake,2002,Wear and Tear,29.81659052,0
V0511,BMW,X5,2015,Diesel,63548,0,Engine,2013,Safety Regulation,99.92043731,1
V0512,Toyota,Camry,2006,Electric,58805,3,Transmission,2019,Wear and Tear,1.535523477,0
V0513,Ford,F-150,2003,Petrol,127754,2,Brake,2006,Design Flaw,67.92531876,1
V0514,Toyota,X5,2005,Diesel,155540,2,Airbag,2007,Wear and Tear,88.95196135,1
V0515,Ford,Civic,2017,Petrol,44886,2,Transmission,2023,Software Bug,27.93610861,0
V0516,Toyota,Model 3,2015,Hybrid,167892,3,Airbag,2013,Software Bug,22.07586222,0
V0517,Toyota,F-150,2022,Diesel,94859,1,Engine,2012,Wear and Tear,95.98108878,1
V0518,Toyota,X5,2008,Diesel,58607,0,Transmission,2014,Faulty Component,76.88616065,1
V0519,Honda,Model 3,2005,Electric,58862,0,Electronics,2022,Design Flaw,49.74493038,0
V0520,BMW,Model 3,2006,Diesel,80883,4,Engine,2007,Software Bug,80.69132548,1
V0521,BMW,Civic,2023,Electric,70721,4,Brake,2019,Wear and Tear,85.60672732,1
V0522,Honda,Civic,2004,Hybrid,82527,2,Engine,2023,Software Bug,70.13242902,1
V0523,Honda,F-150,2019,Hybrid,73645,4,Engine,2003,Wear and Tear,1.114579157,0
V0524,Toyota,Civic,2013,Diesel,191642,1,Brake,2018,Software Bug,50.32975438,1
V0525,BMW,X5,2010,Diesel,14458,1,Transmission,2002,Design Flaw,26.17324725,0
V0526,Tesla,F-150,2021,Hybrid,79816,4,Airbag,2012,Design Flaw,76.19586435,1
V0527,Tesla,Camry,2022,Hybrid,114312,0,Airbag,2007,Wear and Tear,1.680368685,0
V0528,Ford,Camry,2001,Petrol,199156,4,Engine,2021,Software Bug,93.11253508,1
V0529,Tesla,Civic,2019,Diesel,167654,0,Transmission,2021,Wear and Tear,73.95027802,1
V0530,BMW,F-150,2021,Petrol,19182,4,Brake,2009,Safety Regulation,55.26234127,1
V0531,Ford,X5,2023,Electric,110527,3,Transmission,2010,Wear and Tear,18.88915833,0
V0532,BMW,Camry,2007,Petrol,21191,5,Transmission,2002,Wear and Tear,57.11033256,1
V0533,BMW,Civic,2005,Hybrid,26229,2,Engine,2006,Faulty Component,57.82535787,1
V0534,BMW,Civic,2020,Diesel,193013,1,Engine,2013,Design Flaw,19.49909154,0
V0535,Ford,Model 3,2008,Diesel,153493,1,Airbag,2006,Safety Regulation,19.1718613,0
V0536,Toyota,Model 3,2023,Electric,31435,5,Engine,2023,Design Flaw,71.25111464,1
V0537,Ford,F-150,2008,Diesel,25761,1,Airbag,2012,Design Flaw,28.22947542,0
V0538,Honda,Civic,2001,Hybrid,98009,1,Brake,2014,Faulty Component,18.17979812,0
V0539,Tesla,Camry,2001,Petrol,173723,0,Engine,2023,Safety Regulation,26.4205998,0
V0540,Ford,X5,2013,Hybrid,147288,5,Engine,2016,Faulty Component,27.47511026,0
V0541,Tesla,F-150,2008,Hybrid,186869,5,Brake,2018,Wear and Tear,61.56596465,1
V0542,Tesla,F-150,2019,Hybrid,106664,3,Brake,2017,Software Bug,49.95204032,0
V0543,Ford,Camry,2004,Petrol,180918,5,Engine,2021,Software Bug,55.70502916,1
V0544,Tesla,Camry,2008,Petrol,176074,3,Engine,2009,Software Bug,51.15362734,1
V0545,Tesla,F-150,2021,Electric,141761,1,Brake,2023,Safety Regulation,3.675430813,0
V0546,Ford,Model 3,2017,Hybrid,47992,1,Engine,2004,Software Bug,42.53392082,0
V0547,Honda,F-150,2021,Electric,158352,3,Brake,2009,Wear and Tear,48.97431916,0
V0548,Tesla,Camry,2013,Electric,38420,3,Brake,2010,Faulty Component,1.937557425,0
V0549,Ford,Civic,2002,Electric,79725,3,Engine,2023,Software Bug,69.0441486,1
V0550,Ford,F-150,2007,Diesel,86380,1,Brake,2001,Safety Regulation,33.37197256,0
V0551,Ford,Civic,2021,Hybrid,18916,2,Brake,2011,Software Bug,56.64542118,1
V0552,Honda,Model 3,2005,Hybrid,175008,4,Engine,2000,Faulty Component,22.92094004,0
V0553,BMW,Civic,2010,Hybrid,19939,5,Transmission,2023,Software Bug,39.39253054,0
V0554,Honda,Model 3,2004,Petrol,110227,4,Airbag,2017,Wear and Tear,97.8733951,1
V0555,Tesla,Civic,2006,Petrol,177143,1,Electronics,2012,Faulty Component,23.64795095,0
V0556,Toyota,F-150,2013,Petrol,48197,4,Electronics,2008,Wear and Tear,38.97549174,0
V0557,Honda,F-150,2018,Diesel,120653,5,Brake,2012,Safety Regulation,91.49462814,1
V0558,Honda,Model 3,2002,Diesel,25154,0,Electronics,2010,Design Flaw,98.0807077,1
V0559,Tesla,Model 3,2008,Electric,183169,5,Engine,2007,Wear and Tear,20.02679217,0
V0560,Honda,Civic,2009,Electric,193991,1,Airbag,2012,Faulty Component,64.43591101,1
V0561,BMW,Model 3,2012,Diesel,167283,3,Airbag,2001,Design Flaw,95.45223039,1
V0562,Honda,Model 3,2021,Diesel,42041,5,Engine,2015,Safety Regulation,55.47298882,1
V0563,Tesla,X5,2020,Diesel,125241,5,Engine,2008,Wear and Tear,46.14615411,0
V0564,Tesla,Civic,2021,Electric,21697,3,Electronics,2010,Design Flaw,41.11869466,0
V0565,Ford,Camry,2011,Petrol,15518,4,Electronics,2004,Safety Regulation,76.56463538,1
V0566,BMW,X5,2017,Electric,92110,0,Engine,2002,Design Flaw,1.864971815,0
V0567,BMW,Model 3,2022,Electric,54202,4,Brake,2018,Wear and Tear,80.47623374,1
V0568,Toyota,Civic,2007,Hybrid,147681,4,Engine,2017,Design Flaw,10.498509,0
V0569,Honda,F-150,2023,Petrol,68599,1,Airbag,2001,Design Flaw,38.51678757,0
V0570,Tesla,Camry,2016,Petrol,165391,4,Airbag,2003,Wear and Tear,38.75285384,0
V0571,Honda,Camry,2012,Hybrid,159494,1,Transmission,2017,Wear and Tear,39.18826899,0
V0572,Ford,Civic,2012,Diesel,16564,5,Airbag,2005,Faulty Component,77.72724179,1
V0573,Ford,Civic,2002,Diesel,107873,2,Engine,2002,Safety Regulation,57.76307095,1
V0574,BMW,X5,2004,Petrol,61135,3,Airbag,2016,Software Bug,69.46483618,1
V0575,BMW,Camry,2017,Petrol,76562,2,Airbag,2001,Software Bug,76.05063517,1
V0576,BMW,Civic,2011,Electric,95993,4,Engine,2014,Design Flaw,22.91744022,0
V0577,Ford,F-150,2006,Electric,12660,3,Airbag,2004,Design Flaw,13.51770946,0
V0578,Tesla,Civic,2012,Petrol,23973,0,Transmission,2013,Wear and Tear,60.25784059,1
V0579,Tesla,X5,2008,Petrol,167120,4,Transmission,2005,Safety Regulation,8.68388643,0
V0580,Ford,F-150,2023,Diesel,194786,3,Airbag,2022,Safety Regulation,56.90076657,1
V0581,Honda,F-150,2007,Hybrid,79229,5,Airbag,2007,Design Flaw,70.69357294,1
V0582,BMW,Civic,2014,Hybrid,104691,4,Electronics,2015,Design Flaw,13.36190904,0
V0583,Honda,Model 3,2001,Petrol,160685,0,Engine,2006,Faulty Component,76.70774456,1
V0584,Toyota,F-150,2007,Diesel,90735,0,Airbag,2021,Faulty Component,68.93266908,1
V0585,Ford,Civic,2006,Electric,13317,2,Electronics,2005,Safety Regulation,33.96839455,0
V0586,BMW,Civic,2011,Diesel,23187,4,Engine,2005,Wear and Tear,70.94656715,1
V0587,Ford,Civic,2006,Electric,158873,0,Airbag,2013,Faulty Component,20.26425595,0
V0588,Honda,F-150,2004,Petrol,185953,0,Transmission,2000,Faulty Component,79.42019761,1
V0589,Toyota,F-150,2000,Diesel,86386,1,Brake,2002,Wear and Tear,49.20447357,0
V0590,Honda,Model 3,2009,Electric,50127,1,Brake,2010,Safety Regulation,19.47402402,0
V0591,BMW,Model 3,2015,Diesel,130043,1,Engine,2017,Software Bug,33.65252112,0
V0592,Honda,X5,2014,Hybrid,135775,3,Electronics,2006,Design Flaw,78.17264201,1
V0593,Honda,Model 3,2005,Diesel,56858,5,Brake,2004,Wear and Tear,96.62404507,1
V0594,Honda,F-150,2020,Diesel,112842,2,Engine,2014,Design Flaw,61.61908007,1
V0595,Ford,X5,2018,Diesel,103773,5,Transmission,2012,Faulty Component,68.82396998,1
V0596,Tesla,X5,2019,Hybrid,180328,5,Brake,2004,Design Flaw,12.91878587,0
V0597,Honda,X5,2000,Hybrid,67215,3,Airbag,2009,Safety Regulation,82.80717253,1
V0598,BMW,Camry,2017,Hybrid,77595,0,Electronics,2007,Software Bug,52.12965407,1
V0599,Ford,F-150,2015,Hybrid,131748,4,Transmission,2001,Safety Regulation,99.00299406,1
V0600,BMW,F-150,2023,Hybrid,134107,1,Brake,2015,Faulty Component,60.16247072,1
V0601,Honda,X5,2011,Petrol,16106,4,Transmission,2018,Software Bug,55.1482946,1
V0602,Ford,X5,2015,Electric,90682,0,Transmission,2009,Faulty Component,21.04422975,0
V0603,Ford,Civic,2019,Petrol,116858,3,Engine,2005,Safety Regulation,85.87388474,1
V0604,Tesla,X5,2023,Electric,28905,0,Engine,2014,Software Bug,72.00322894,1
V0605,Ford,F-150,2023,Hybrid,97751,0,Airbag,2009,Design Flaw,54.63354162,1
V0606,Toyota,F-150,2023,Petrol,24355,5,Engine,2000,Software Bug,48.34185889,0
V0607,Tesla,F-150,2005,Petrol,100199,2,Electronics,2017,Faulty Component,36.64506944,0
V0608,BMW,F-150,2019,Petrol,134383,5,Engine,2012,Software Bug,53.65839084,1
V0609,BMW,Civic,2007,Hybrid,132318,4,Transmission,2006,Safety Regulation,83.81496241,1
V0610,Honda,F-150,2005,Hybrid,129722,4,Electronics,2019,Wear and Tear,4.840637997,0
V0611,Ford,F-150,2023,Electric,136297,2,Brake,2020,Wear and Tear,28.97294396,0
V0612,Tesla,X5,2008,Petrol,89528,2,Brake,2006,Safety Regulation,89.86734957,1
V0613,Toyota,F-150,2005,Hybrid,114522,3,Transmission,2015,Safety Regulation,45.07684538,0
V0614,Honda,Camry,2012,Diesel,157473,4,Brake,2006,Safety Regulation,3.504794931,0
V0615,Honda,F-150,2021,Hybrid,80039,1,Airbag,2007,Wear and Tear,21.96743528,0
V0616,Honda,Civic,2008,Electric,163732,4,Engine,2017,Faulty Component,16.04556612,0
V0617,Tesla,X5,2018,Petrol,194123,5,Electronics,2001,Safety Regulation,45.00089689,0
V0618,Toyota,Camry,2016,Petrol,147873,5,Transmission,2018,Design Flaw,20.22864158,0
V0619,BMW,Model 3,2019,Hybrid,189426,3,Brake,2006,Software Bug,14.73300425,0
V0620,BMW,Model 3,2003,Petrol,188708,3,Electronics,2010,Faulty Component,74.34184725,1
V0621,Ford,Model 3,2017,Electric,147752,1,Airbag,2016,Wear and Tear,35.52946515,0
V0622,Honda,X5,2012,Petrol,122817,5,Brake,2002,Software Bug,90.98860701,1
V0623,Ford,F-150,2019,Electric,133224,1,Airbag,2006,Safety Regulation,57.36618366,1
V0624,Tesla,Civic,2007,Electric,98102,5,Electronics,2000,Design Flaw,93.3743375,1
V0625,Toyota,F-150,2012,Diesel,57144,4,Airbag,2012,Software Bug,90.40822059,1
V0626,BMW,X5,2001,Hybrid,46604,5,Electronics,2008,Faulty Component,85.02846099,1
V0627,Ford,X5,2010,Electric,158343,3,Brake,2018,Faulty Component,41.35938328,0
V0628,Ford,X5,2002,Diesel,146028,3,Electronics,2020,Software Bug,33.48849521,0
V0629,Tesla,Civic,2014,Electric,45913,2,Engine,2007,Design Flaw,75.68540695,1
V0630,Toyota,Model 3,2009,Diesel,188584,3,Transmission,2000,Software Bug,90.31544936,1
V0631,Honda,X5,2017,Hybrid,78668,3,Electronics,2008,Safety Regulation,42.30735565,0
V0632,BMW,F-150,2015,Diesel,58655,0,Transmission,2016,Safety Regulation,67.77365357,1
V0633,BMW,Camry,2001,Diesel,126134,2,Transmission,2010,Wear and Tear,57.92638644,1
V0634,Ford,Civic,2010,Petrol,195319,3,Airbag,2023,Software Bug,91.73038838,1
V0635,Toyota,Model 3,2008,Petrol,107542,2,Brake,2018,Software Bug,69.6236887,1
V0636,BMW,X5,2015,Hybrid,131786,3,Engine,2021,Design Flaw,59.6774033,1
V0637,BMW,F-150,2019,Petrol,103771,5,Airbag,2010,Safety Regulation,93.51298747,1
V0638,Tesla,Model 3,2018,Electric,26620,1,Electronics,2001,Safety Regulation,52.6905117,1
V0639,Honda,Camry,2008,Hybrid,155658,4,Brake,2006,Design Flaw,7.937544466,0
V0640,BMW,X5,2000,Petrol,114468,2,Transmission,2020,Faulty Component,15.98941092,0
V0641,Honda,Civic,2014,Diesel,189529,5,Transmission,2002,Wear and Tear,8.264018402,0
V0642,Tesla,Camry,2019,Diesel,165039,4,Engine,2012,Safety Regulation,20.50117999,0
V0643,Honda,F-150,2011,Petrol,79499,4,Engine,2007,Design Flaw,44.21999964,0
V0644,BMW,F-150,2020,Diesel,38590,2,Electronics,2010,Design Flaw,81.62601011,1
V0645,Honda,Camry,2001,Electric,60798,1,Transmission,2019,Wear and Tear,86.30558747,1
V0646,BMW,Civic,2018,Diesel,25371,3,Transmission,2005,Faulty Component,65.18593969,1
V0647,BMW,Camry,2008,Diesel,193307,5,Engine,2018,Wear and Tear,75.60516739,1
V0648,Tesla,Camry,2003,Petrol,122412,5,Transmission,2008,Design Flaw,69.02938185,1
V0649,Honda,X5,2023,Hybrid,76923,1,Electronics,2019,Wear and Tear,6.07711495,0
V0650,Ford,X5,2003,Petrol,147638,0,Airbag,2018,Design Flaw,36.14654425,0
V0651,Honda,X5,2010,Hybrid,167190,5,Brake,2015,Faulty Component,99.44847732,1
V0652,Honda,F-150,2006,Hybrid,18443,0,Brake,2006,Software Bug,26.93415424,0
V0653,Tesla,X5,2014,Petrol,195872,4,Engine,2007,Software Bug,23.52454377,0
V0654,BMW,Camry,2005,Electric,78188,3,Transmission,2015,Software Bug,71.04494566,1
V0655,Toyota,X5,2005,Diesel,122081,5,Brake,2021,Design Flaw,30.7773319,0
V0656,Tesla,Model 3,2023,Diesel,96315,5,Airbag,2001,Wear and Tear,99.61695333,1
V0657,Honda,Model 3,2009,Diesel,178922,4,Engine,2017,Design Flaw,60.32105731,1
V0658,BMW,X5,2011,Diesel,168463,3,Electronics,2021,Design Flaw,69.08045272,1
V0659,BMW,F-150,2022,Diesel,19853,0,Transmission,2018,Wear and Tear,74.42951235,1
V0660,Tesla,Camry,2011,Petrol,151366,0,Transmission,2005,Design Flaw,76.25955179,1
V0661,Honda,X5,2017,Diesel,180945,4,Brake,2016,Software Bug,20.72362558,0
V0662,BMW,X5,2007,Hybrid,50299,3,Brake,2005,Wear and Tear,45.93011933,0
V0663,Toyota,Camry,2022,Electric,39816,0,Transmission,2007,Design Flaw,90.43353877,1
V0664,BMW,Civic,2021,Hybrid,125262,0,Transmission,2002,Wear and Tear,61.69642686,1
V0665,Honda,Model 3,2008,Electric,149872,5,Electronics,2003,Safety Regulation,18.6487749,0
V0666,BMW,F-150,2006,Diesel,153319,2,Airbag,2021,Faulty Component,58.17852129,1
V0667,Tesla,Camry,2002,Hybrid,84363,5,Electronics,2008,Software Bug,31.96269745,0
V0668,Ford,Camry,2017,Diesel,53966,5,Electronics,2001,Software Bug,35.41127934,0
V0669,Tesla,Model 3,2009,Electric,181935,5,Brake,2001,Safety Regulation,20.08311607,0
V0670,Tesla,X5,2011,Hybrid,52833,3,Electronics,2005,Wear and Tear,96.97418364,1
V0671,Tesla,Model 3,2023,Electric,62527,0,Engine,2022,Wear and Tear,16.49402664,0
V0672,BMW,Camry,2007,Petrol,162266,1,Airbag,2001,Safety Regulation,41.30395961,0
V0673,Tesla,Civic,2019,Electric,173716,2,Engine,2013,Wear and Tear,45.74424127,0
V0674,Toyota,Civic,2018,Electric,7968,2,Brake,2011,Faulty Component,8.815765057,0
V0675,Tesla,F-150,2021,Diesel,121810,5,Brake,2001,Wear and Tear,15.06366839,0
V0676,Ford,Camry,2016,Petrol,141094,2,Brake,2006,Safety Regulation,12.33443335,0
V0677,Toyota,F-150,2014,Electric,13071,4,Transmission,2013,Wear and Tear,86.80225058,1
V0678,Honda,X5,2009,Electric,79219,1,Engine,2006,Faulty Component,98.31481053,1
V0679,BMW,Civic,2013,Hybrid,122798,5,Electronics,2022,Safety Regulation,33.81136179,0
V0680,Ford,Civic,2023,Hybrid,162726,4,Engine,2023,Faulty Component,90.93838448,1
V0681,Honda,F-150,2007,Petrol,195273,1,Electronics,2005,Safety Regulation,17.94577504,0
V0682,Tesla,Model 3,2001,Hybrid,128221,1,Transmission,2021,Design Flaw,42.48296777,0
V0683,Ford,F-150,2017,Diesel,13983,5,Electronics,2017,Wear and Tear,59.11743959,1
V0684,Honda,X5,2020,Diesel,98138,1,Transmission,2021,Wear and Tear,21.21018783,0
V0685,Toyota,Camry,2000,Petrol,58502,2,Engine,2020,Design Flaw,42.74734524,0
V0686,Ford,X5,2005,Electric,51581,0,Airbag,2000,Faulty Component,83.89399668,1
V0687,Toyota,Model 3,2010,Diesel,156941,2,Transmission,2010,Safety Regulation,9.273951446,0
V0688,Tesla,Model 3,2000,Diesel,98572,4,Electronics,2023,Safety Regulation,29.39611533,0
V0689,Tesla,Model 3,2010,Hybrid,113755,5,Electronics,2009,Faulty Component,70.34484961,1
V0690,Toyota,Model 3,2007,Hybrid,96673,4,Engine,2009,Software Bug,73.53303988,1
V0691,Ford,F-150,2001,Hybrid,194756,4,Transmission,2014,Design Flaw,96.12956794,1
V0692,Ford,F-150,2019,Petrol,65147,4,Brake,2005,Software Bug,33.94798615,0
V0693,BMW,F-150,2001,Electric,176586,3,Airbag,2004,Wear and Tear,1.774737878,0
V0694,Tesla,Camry,2016,Electric,45756,3,Electronics,2004,Design Flaw,47.2574895,0
V0695,Toyota,X5,2000,Electric,55202,5,Brake,2017,Design Flaw,89.60902352,1
V0696,BMW,Camry,2000,Diesel,68475,4,Airbag,2023,Safety Regulation,78.88135391,1
V0697,Ford,Camry,2007,Diesel,133556,5,Transmission,2009,Safety Regulation,83.98285238,1
V0698,Ford,X5,2015,Electric,170087,0,Transmission,2021,Software Bug,94.39190529,1
V0699,Honda,Camry,2004,Electric,69499,2,Airbag,2019,Wear and Tear,90.52354298,1
V0700,BMW,Model 3,2012,Electric,66971,5,Transmission,2017,Software Bug,96.13367647,1
V0701,Tesla,X5,2017,Petrol,17865,4,Electronics,2007,Safety Regulation,40.38057792,0
V0702,BMW,X5,2001,Hybrid,107810,5,Airbag,2017,Faulty Component,5.912273953,0
V0703,Toyota,Civic,2002,Diesel,150313,4,Electronics,2012,Wear and Tear,8.411677791,0
V0704,Toyota,Camry,2018,Hybrid,30396,1,Electronics,2009,Safety Regulation,10.26119334,0
V0705,BMW,X5,2013,Petrol,10850,1,Electronics,2014,Wear and Tear,88.47661495,1
V0706,Toyota,Civic,2017,Hybrid,10237,5,Transmission,2011,Faulty Component,2.262689738,0
V0707,Toyota,Camry,2005,Electric,76804,4,Brake,2023,Safety Regulation,7.346419953,0
V0708,Honda,X5,2023,Diesel,130228,2,Electronics,2005,Software Bug,81.77746358,1
V0709,BMW,X5,2005,Hybrid,84958,0,Brake,2020,Faulty Component,7.044407606,0
V0710,Ford,X5,2014,Diesel,33148,3,Airbag,2003,Safety Regulation,72.88141218,1
V0711,Tesla,Civic,2005,Petrol,177181,4,Brake,2005,Design Flaw,24.42990836,0
V0712,Honda,Civic,2012,Hybrid,175917,5,Engine,2015,Software Bug,94.04678216,1
V0713,BMW,Camry,2008,Electric,68277,2,Engine,2001,Design Flaw,63.22974514,1
V0714,Honda,Model 3,2020,Electric,114821,4,Brake,2008,Wear and Tear,95.82119421,1
V0715,Toyota,Civic,2000,Diesel,38221,2,Brake,2011,Faulty Component,76.58509339,1
V0716,Ford,Camry,2005,Petrol,133559,4,Transmission,2012,Wear and Tear,87.5594438,1
V0717,BMW,F-150,2022,Diesel,5023,0,Electronics,2013,Design Flaw,56.05539435,1
V0718,Tesla,Camry,2001,Hybrid,139431,2,Brake,2003,Faulty Component,9.269602459,0
V0719,Toyota,Civic,2000,Hybrid,54107,0,Engine,2018,Safety Regulation,25.14680206,0
V0720,Honda,Camry,2002,Petrol,72891,1,Airbag,2010,Faulty Component,31.03467638,0
V0721,BMW,Civic,2004,Diesel,138540,4,Engine,2009,Software Bug,36.05306226,0
V0722,Honda,Camry,2009,Electric,98049,4,Airbag,2020,Faulty Component,75.555825,1
V0723,Ford,Civic,2000,Hybrid,97618,4,Electronics,2005,Wear and Tear,0.377097504,0
V0724,Tesla,Model 3,2011,Hybrid,182859,2,Brake,2018,Design Flaw,40.07934879,0
V0725,Tesla,Civic,2016,Hybrid,36688,1,Transmission,2021,Design Flaw,87.10831726,1
V0726,Toyota,Civic,2020,Electric,103450,4,Airbag,2014,Wear and Tear,36.67561684,0
V0727,BMW,X5,2007,Diesel,199775,2,Airbag,2010,Software Bug,96.93043121,1
V0728,Toyota,X5,2021,Hybrid,21184,1,Engine,2009,Wear and Tear,14.33745556,0
V0729,Toyota,Camry,2019,Hybrid,71036,4,Engine,2022,Software Bug,12.08803453,0
V0730,Tesla,X5,2019,Hybrid,198055,4,Transmission,2002,Faulty Component,52.62935968,1
V0731,Tesla,F-150,2007,Hybrid,116781,4,Transmission,2013,Design Flaw,27.98686995,0
V0732,BMW,Model 3,2022,Hybrid,197316,3,Brake,2007,Wear and Tear,84.0122147,1
V0733,Honda,Camry,2010,Diesel,140997,0,Electronics,2018,Design Flaw,89.06215045,1
V0734,Toyota,Camry,2011,Diesel,11976,3,Brake,2023,Software Bug,76.14492778,1
V0735,Toyota,X5,2015,Hybrid,27620,2,Brake,2009,Design Flaw,25.01997875,0
V0736,Ford,Civic,2022,Electric,63076,4,Airbag,2010,Safety Regulation,42.54602494,0
V0737,BMW,X5,2009,Hybrid,33483,3,Brake,2013,Wear and Tear,96.95009755,1
V0738,Tesla,Civic,2005,Electric,195675,3,Airbag,2009,Wear and Tear,94.69291923,1
V0739,Tesla,Model 3,2010,Electric,180792,1,Brake,2012,Design Flaw,76.11457411,1
V0740,BMW,Camry,2009,Hybrid,96982,1,Brake,2022,Faulty Component,4.109552366,0
V0741,BMW,F-150,2023,Electric,86950,5,Engine,2014,Software Bug,34.49927217,0
V0742,Tesla,Civic,2005,Petrol,131264,0,Electronics,2009,Safety Regulation,0.200274937,0
V0743,BMW,F-150,2007,Electric,72483,3,Transmission,2004,Faulty Component,97.9785103,1
V0744,BMW,Camry,2018,Hybrid,175029,1,Airbag,2012,Faulty Component,43.27528605,0
V0745,Toyota,Camry,2008,Hybrid,82630,4,Airbag,2001,Wear and Tear,35.94414864,0
V0746,BMW,Camry,2005,Hybrid,62112,2,Airbag,2011,Design Flaw,69.84015637,1
V0747,Honda,Civic,2014,Petrol,29660,1,Airbag,2002,Faulty Component,53.32229144,1
V0748,BMW,F-150,2014,Electric,130969,3,Engine,2022,Design Flaw,33.15453323,0
V0749,Ford,F-150,2011,Diesel,153415,1,Transmission,2017,Software Bug,35.59232649,0
V0750,Honda,Civic,2007,Hybrid,168603,1,Transmission,2007,Faulty Component,78.37244862,1
V0751,BMW,F-150,2010,Diesel,38499,3,Engine,2004,Faulty Component,38.25386937,0
V0752,Honda,X5,2000,Hybrid,183659,4,Engine,2002,Faulty Component,24.79121446,0
V0753,Toyota,Camry,2004,Electric,177297,3,Engine,2021,Wear and Tear,41.43090133,0
V0754,Toyota,Camry,2023,Electric,195693,3,Electronics,2007,Wear and Tear,45.22541602,0
V0755,Ford,F-150,2018,Hybrid,176620,5,Electronics,2000,Software Bug,4.890631122,0
V0756,Ford,X5,2010,Petrol,64197,0,Brake,2021,Wear and Tear,99.69823638,1
V0757,Tesla,F-150,2006,Electric,101406,3,Electronics,2006,Safety Regulation,21.19188314,0
V0758,BMW,Model 3,2017,Diesel,152936,1,Transmission,2007,Design Flaw,98.92910941,1
V0759,Tesla,Camry,2015,Petrol,157183,1,Airbag,2003,Faulty Component,84.55749529,1
V0760,Tesla,Civic,2011,Hybrid,130233,5,Airbag,2015,Wear and Tear,19.26056668,0
V0761,Honda,Camry,2019,Diesel,67166,5,Transmission,2022,Faulty Component,41.70345053,0
V0762,Ford,Civic,2000,Electric,160805,5,Transmission,2016,Wear and Tear,68.90908039,1
V0763,BMW,F-150,2016,Petrol,141759,3,Engine,2002,Safety Regulation,20.99200783,0
V0764,Ford,Camry,2002,Petrol,67939,3,Electronics,2013,Software Bug,98.59566863,1
V0765,Ford,Camry,2019,Petrol,100984,4,Engine,2005,Faulty Component,32.77656997,0
V0766,Toyota,F-150,2019,Petrol,153990,4,Airbag,2008,Wear and Tear,83.54828445,1
V0767,Ford,F-150,2000,Electric,96075,4,Brake,2019,Design Flaw,89.24540163,1
V0768,Tesla,Civic,2016,Hybrid,58825,4,Airbag,2001,Wear and Tear,15.921672,0
V0769,Ford,Civic,2004,Electric,85246,1,Electronics,2020,Design Flaw,13.56241977,0
V0770,BMW,X5,2000,Electric,25954,1,Electronics,2000,Wear and Tear,60.69088009,1
V0771,Honda,Model 3,2019,Hybrid,15405,5,Transmission,2013,Design Flaw,26.78946138,0
V0772,BMW,Civic,2012,Hybrid,194015,4,Engine,2018,Faulty Component,96.8656007,1
V0773,Tesla,Model 3,2021,Diesel,172877,2,Engine,2003,Software Bug,56.6403276,1
V0774,Toyota,X5,2020,Hybrid,17219,0,Airbag,2008,Design Flaw,27.50978115,0
V0775,Tesla,X5,2009,Electric,89100,0,Brake,2009,Faulty Component,9.734406518,0
V0776,Ford,Camry,2016,Diesel,197037,5,Transmission,2023,Safety Regulation,30.03231514,0
V0777,Ford,Camry,2000,Hybrid,30856,5,Electronics,2008,Faulty Component,85.27084981,1
V0778,Toyota,X5,2008,Hybrid,125174,3,Airbag,2013,Wear and Tear,87.69903954,1
V0779,Toyota,Camry,2000,Hybrid,118219,3,Transmission,2007,Design Flaw,76.473777,1
V0780,Toyota,X5,2019,Diesel,22056,3,Brake,2022,Faulty Component,59.3696696,1
V0781,Honda,Camry,2013,Diesel,89539,1,Brake,2002,Safety Regulation,74.46642337,1
V0782,BMW,Civic,2022,Electric,150512,1,Engine,2013,Safety Regulation,28.19873287,0
V0783,Toyota,Civic,2019,Electric,91552,5,Brake,2023,Design Flaw,81.11688719,1
V0784,Honda,Civic,2000,Petrol,153859,3,Airbag,2009,Software Bug,56.46090587,1
V0785,Honda,Camry,2015,Petrol,10356,1,Airbag,2002,Safety Regulation,80.23816009,1
V0786,Honda,Model 3,2020,Hybrid,82008,2,Airbag,2008,Faulty Component,72.83515891,1
V0787,BMW,X5,2013,Petrol,67859,5,Airbag,2011,Wear and Tear,26.15829421,0
V0788,Honda,Camry,2019,Hybrid,24221,5,Brake,2016,Wear and Tear,81.00047825,1
V0789,BMW,Camry,2010,Petrol,174274,0,Brake,2018,Safety Regulation,75.65647996,1
V0790,Honda,Model 3,2019,Electric,192156,1,Brake,2022,Design Flaw,20.50348322,0
V0791,Toyota,Model 3,2015,Petrol,104982,0,Transmission,2010,Faulty Component,46.80762046,0
V0792,Tesla,Model 3,2001,Diesel,20535,1,Airbag,2022,Faulty Component,7.85887688,0
V0793,BMW,Civic,2005,Diesel,95847,2,Airbag,2001,Safety Regulation,53.55614486,1
V0794,Tesla,Civic,2019,Diesel,21698,2,Electronics,2005,Software Bug,49.32860747,0
V0795,Tesla,Civic,2007,Electric,49456,4,Transmission,2004,Wear and Tear,22.28242716,0
V0796,BMW,Civic,2014,Diesel,24267,5,Electronics,2009,Software Bug,73.05956088,1
V0797,Honda,Civic,2018,Diesel,190742,4,Engine,2003,Wear and Tear,58.70085933,1
V0798,BMW,Civic,2006,Diesel,184709,4,Brake,2004,Design Flaw,93.35322684,1
V0799,Tesla,Civic,2019,Diesel,132017,2,Engine,2001,Software Bug,42.04900654,0
V0800,Tesla,X5,2003,Petrol,35717,2,Airbag,2014,Wear and Tear,81.6726456,1
V0801,Ford,X5,2001,Diesel,93136,1,Airbag,2009,Wear and Tear,16.50524109,0
V0802,Toyota,Model 3,2004,Electric,124771,2,Engine,2019,Software Bug,1.875783419,0
V0803,Tesla,F-150,2003,Hybrid,165669,2,Transmission,2006,Software Bug,9.204387843,0
V0804,Tesla,X5,2019,Hybrid,180571,2,Engine,2010,Software Bug,14.95818127,0
V0805,Ford,Model 3,2019,Petrol,126247,1,Electronics,2023,Software Bug,71.56829624,1
V0806,Tesla,Camry,2015,Diesel,99998,3,Transmission,2014,Design Flaw,1.929832778,0
V0807,BMW,Model 3,2015,Diesel,57860,5,Brake,2003,Design Flaw,70.00399497,1
V0808,Honda,Model 3,2017,Hybrid,154645,1,Engine,2020,Design Flaw,28.63180604,0
V0809,Tesla,Model 3,2010,Hybrid,97887,1,Electronics,2017,Wear and Tear,84.8761171,1
V0810,BMW,Camry,2009,Hybrid,66726,4,Transmission,2020,Safety Regulation,68.47945233,1
V0811,BMW,X5,2002,Hybrid,178563,5,Transmission,2008,Design Flaw,18.23541921,0
V0812,Ford,F-150,2023,Petrol,103633,1,Engine,2008,Software Bug,45.91332001,0
V0813,Honda,Camry,2013,Electric,82360,0,Airbag,2023,Faulty Component,98.29477604,1
V0814,Honda,X5,2015,Diesel,187935,2,Brake,2016,Design Flaw,27.9593765,0
V0815,BMW,Model 3,2014,Diesel,181865,1,Electronics,2000,Safety Regulation,31.50154197,0
V0816,Honda,Camry,2011,Electric,16479,3,Transmission,2010,Software Bug,54.4570364,1
V0817,Tesla,X5,2022,Diesel,145066,4,Transmission,2012,Safety Regulation,98.85952514,1
V0818,Toyota,Civic,2022,Petrol,190864,4,Airbag,2003,Design Flaw,0.739479257,0
V0819,Toyota,F-150,2002,Hybrid,114827,2,Brake,2008,Software Bug,67.54607095,1
V0820,Tesla,Civic,2023,Petrol,133719,4,Engine,2005,Design Flaw,53.86891695,1
V0821,Toyota,Civic,2020,Electric,188490,2,Engine,2017,Design Flaw,66.03797318,1
V0822,Honda,F-150,2018,Electric,54573,3,Brake,2008,Software Bug,25.41135336,0
V0823,Tesla,F-150,2001,Diesel,130605,3,Electronics,2004,Faulty Component,12.83374341,0
V0824,Ford,Civic,2016,Petrol,126353,1,Brake,2009,Design Flaw,82.89171672,1
V0825,Ford,Camry,2008,Electric,107371,3,Brake,2013,Design Flaw,12.72733683,0
V0826,Ford,Model 3,2019,Diesel,186673,5,Brake,2016,Wear and Tear,71.52549271,1
V0827,BMW,Civic,2023,Electric,180205,0,Brake,2017,Faulty Component,89.09780302,1
V0828,Honda,Civic,2004,Diesel,189419,4,Engine,2015,Wear and Tear,21.34550527,0
V0829,Honda,Model 3,2023,Hybrid,30258,4,Airbag,2015,Software Bug,82.94242512,1
V0830,BMW,Camry,2017,Electric,88506,1,Airbag,2019,Faulty Component,89.83215239,1
V0831,Toyota,Camry,2004,Electric,77299,1,Airbag,2023,Safety Regulation,61.46128954,1
V0832,BMW,Camry,2000,Diesel,104326,3,Brake,2009,Safety Regulation,89.61398731,1
V0833,Ford,F-150,2000,Electric,92053,5,Brake,2005,Faulty Component,90.8661031,1
V0834,Toyota,F-150,2006,Electric,184834,2,Brake,2017,Design Flaw,28.43714239,0
V0835,BMW,Civic,2015,Petrol,86031,4,Transmission,2008,Faulty Component,77.13991483,1
V0836,Tesla,Camry,2018,Petrol,190591,1,Airbag,2011,Wear and Tear,18.69864731,0
V0837,BMW,Civic,2002,Hybrid,184757,5,Electronics,2018,Software Bug,24.49984067,0
V0838,Toyota,Civic,2019,Hybrid,53639,0,Electronics,2009,Software Bug,98.14767824,1
V0839,Tesla,Model 3,2021,Diesel,137711,3,Engine,2005,Wear and Tear,10.6213495,0
V0840,Toyota,F-150,2019,Electric,151423,0,Brake,2014,Faulty Component,73.7328456,1
V0841,Honda,Civic,2016,Diesel,107717,2,Brake,2001,Safety Regulation,73.24482075,1
V0842,Toyota,Civic,2021,Hybrid,40699,0,Brake,2003,Safety Regulation,14.33600242,0
V0843,Tesla,X5,2003,Diesel,130959,5,Engine,2016,Faulty Component,52.94568283,1
V0844,Tesla,Civic,2005,Electric,63523,3,Engine,2020,Software Bug,27.20850315,0
V0845,Tesla,Camry,2003,Electric,16868,2,Transmission,2020,Wear and Tear,66.73551293,1
V0846,Honda,X5,2017,Diesel,100348,5,Electronics,2017,Faulty Component,34.83752215,0
V0847,Toyota,F-150,2010,Electric,63769,2,Transmission,2001,Wear and Tear,31.66936833,0
V0848,Honda,Civic,2001,Electric,25897,3,Transmission,2021,Faulty Component,81.14432859,1
V0849,Tesla,Camry,2017,Diesel,6984,2,Transmission,2011,Safety Regulation,58.1318678,1
V0850,Toyota,X5,2020,Diesel,32111,3,Airbag,2012,Wear and Tear,91.31584982,1
V0851,Toyota,Camry,2022,Petrol,41088,1,Electronics,2004,Safety Regulation,46.7936182,0
V0852,Tesla,F-150,2005,Petrol,86542,1,Electronics,2003,Design Flaw,80.14582244,1
V0853,Toyota,Camry,2013,Diesel,112804,1,Brake,2002,Wear and Tear,69.42125408,1
V0854,Ford,Camry,2001,Hybrid,86486,5,Engine,2023,Design Flaw,43.71238794,0
V0855,Ford,F-150,2004,Electric,187019,3,Transmission,2006,Wear and Tear,31.63738866,0
V0856,BMW,X5,2008,Petrol,80422,3,Transmission,2023,Wear and Tear,74.14172817,1
V0857,BMW,F-150,2021,Petrol,25743,5,Airbag,2012,Software Bug,49.89216933,0
V0858,Tesla,Model 3,2021,Electric,156010,5,Engine,2003,Faulty Component,5.047400472,0
V0859,Toyota,Camry,2011,Hybrid,32551,1,Engine,2016,Wear and Tear,68.65029414,1
V0860,Honda,X5,2021,Diesel,116484,2,Transmission,2015,Safety Regulation,43.1011473,0
V0861,Tesla,X5,2023,Diesel,42902,1,Electronics,2020,Faulty Component,17.77847786,0
V0862,Tesla,F-150,2022,Electric,32075,2,Electronics,2008,Design Flaw,74.54117389,1
V0863,BMW,F-150,2006,Petrol,23042,5,Brake,2010,Software Bug,5.511097495,0
V0864,BMW,Model 3,2021,Hybrid,128461,5,Electronics,2002,Wear and Tear,46.41792893,0
V0865,Honda,Civic,2009,Hybrid,111305,5,Transmission,2022,Wear and Tear,45.1606257,0
V0866,Honda,F-150,2009,Electric,101203,4,Brake,2021,Software Bug,27.90804446,0
V0867,Tesla,Model 3,2007,Hybrid,10607,0,Transmission,2015,Wear and Tear,99.07526424,1
V0868,Toyota,X5,2005,Diesel,108019,4,Engine,2022,Faulty Component,67.07791458,1
V0869,BMW,Model 3,2023,Electric,98425,4,Airbag,2023,Wear and Tear,97.94668432,1
V0870,Ford,Model 3,2022,Electric,11401,0,Brake,2006,Faulty Component,55.47435509,1
V0871,Tesla,F-150,2002,Hybrid,184561,2,Transmission,2000,Safety Regulation,68.01919031,1
V0872,Toyota,Camry,2016,Diesel,85276,0,Electronics,2010,Safety Regulation,27.37479689,0
V0873,Ford,F-150,2019,Diesel,126560,1,Airbag,2008,Software Bug,75.32941331,1
V0874,Ford,Camry,2009,Electric,120494,3,Engine,2012,Wear and Tear,43.42012446,0
V0875,Ford,Model 3,2004,Diesel,17700,1,Airbag,2012,Faulty Component,33.31036831,0
V0876,Honda,Civic,2013,Diesel,173485,1,Transmission,2012,Wear and Tear,78.02374387,1
V0877,BMW,X5,2019,Petrol,144485,3,Electronics,2000,Software Bug,37.07594718,0
V0878,Tesla,F-150,2015,Diesel,46013,5,Airbag,2005,Faulty Component,27.90107596,0
V0879,Honda,F-150,2007,Hybrid,164272,0,Transmission,2013,Design Flaw,46.47924614,0
V0880,Tesla,F-150,2004,Diesel,83243,2,Electronics,2015,Software Bug,95.40885223,1
V0881,Honda,X5,2001,Hybrid,135668,3,Electronics,2006,Design Flaw,91.74215541,1
V0882,Ford,F-150,2011,Petrol,188263,5,Engine,2004,Software Bug,7.513172202,0
V0883,BMW,Civic,2022,Diesel,187374,3,Electronics,2010,Software Bug,68.00025745,1
V0884,BMW,F-150,2017,Electric,74898,4,Engine,2002,Design Flaw,86.63564099,1
V0885,Ford,F-150,2015,Electric,153165,4,Electronics,2012,Safety Regulation,80.58157642,1
V0886,Toyota,Model 3,2010,Hybrid,120071,3,Engine,2018,Design Flaw,97.50105306,1
V0887,Ford,X5,2000,Diesel,77368,0,Transmission,2022,Safety Regulation,28.546014,0
V0888,Toyota,Model 3,2016,Electric,22716,3,Brake,2002,Safety Regulation,38.85829808,0
V0889,Ford,Civic,2011,Diesel,7243,0,Brake,2010,Safety Regulation,56.00166482,1
V0890,Toyota,Camry,2019,Diesel,113165,5,Electronics,2002,Wear and Tear,70.16848515,1
V0891,Ford,Civic,2001,Petrol,21837,3,Brake,2003,Design Flaw,70.18981855,1
V0892,Ford,F-150,2013,Hybrid,63445,3,Airbag,2017,Software Bug,13.24679722,0
V0893,Honda,F-150,2011,Petrol,122112,2,Transmission,2003,Design Flaw,28.84837188,0
V0894,Toyota,Camry,2017,Petrol,112358,5,Transmission,2016,Faulty Component,60.18263059,1
V0895,Tesla,F-150,2018,Diesel,23679,4,Electronics,2016,Design Flaw,55.15323656,1
V0896,Toyota,F-150,2022,Diesel,32214,3,Electronics,2015,Wear and Tear,1.127569305,0
V0897,Ford,X5,2021,Hybrid,158173,5,Electronics,2009,Faulty Component,56.28961628,1
V0898,Ford,Civic,2014,Diesel,137428,5,Electronics,2013,Safety Regulation,31.13411849,0
V0899,Honda,X5,2020,Hybrid,180601,2,Electronics,2015,Faulty Component,61.32000602,1
V0900,Tesla,Model 3,2022,Electric,179751,4,Transmission,2008,Design Flaw,45.14208492,0
V0901,Honda,Model 3,2003,Hybrid,18349,1,Airbag,2018,Software Bug,5.260613055,0
V0902,Toyota,F-150,2016,Hybrid,30400,1,Airbag,2014,Wear and Tear,29.8021933,0
V0903,Ford,Civic,2012,Hybrid,88446,4,Airbag,2003,Faulty Component,68.1737661,1
V0904,Honda,Camry,2015,Petrol,72738,5,Brake,2020,Wear and Tear,79.14198725,1
V0905,BMW,Camry,2007,Electric,126075,2,Airbag,2001,Software Bug,93.21828658,1
V0906,Tesla,F-150,2002,Hybrid,12887,3,Electronics,2022,Design Flaw,80.88956659,1
V0907,Ford,Model 3,2010,Electric,137573,5,Brake,2023,Wear and Tear,3.498197231,0
V0908,Toyota,F-150,2016,Electric,36254,5,Airbag,2019,Design Flaw,70.82648667,1
V0909,Tesla,F-150,2009,Diesel,53410,4,Airbag,2006,Design Flaw,58.95165996,1
V0910,Ford,F-150,2016,Electric,123770,3,Airbag,2020,Safety Regulation,71.80091987,1
V0911,BMW,X5,2004,Hybrid,42402,4,Airbag,2021,Software Bug,42.36741264,0
V0912,BMW,Model 3,2007,Electric,34878,3,Airbag,2002,Software Bug,0.045822896,0
V0913,Honda,F-150,2009,Electric,165604,0,Electronics,2010,Design Flaw,67.33166475,1
V0914,Honda,F-150,2001,Hybrid,79465,0,Electronics,2016,Software Bug,41.76194727,0
V0915,Toyota,F-150,2004,Diesel,123570,0,Engine,2001,Wear and Tear,77.92832691,1
V0916,Honda,Civic,2008,Diesel,13603,1,Transmission,2008,Software Bug,79.49357406,1
V0917,BMW,Civic,2012,Hybrid,66626,1,Transmission,2001,Design Flaw,86.67188308,1
V0918,Ford,F-150,2005,Hybrid,47845,3,Electronics,2007,Software Bug,27.34861566,0
V0919,Ford,F-150,2022,Electric,145464,4,Transmission,2021,Wear and Tear,73.88619152,1
V0920,BMW,Model 3,2006,Electric,106028,2,Airbag,2006,Wear and Tear,45.63772418,0
V0921,Honda,F-150,2018,Hybrid,161436,3,Transmission,2018,Safety Regulation,66.90279859,1
V0922,Tesla,Civic,2004,Diesel,54847,4,Airbag,2010,Wear and Tear,74.82674147,1
V0923,Honda,Model 3,2010,Petrol,67124,3,Engine,2004,Faulty Component,19.52025502,0
V0924,BMW,X5,2009,Diesel,107407,4,Airbag,2000,Design Flaw,33.93608368,0
V0925,Tesla,F-150,2013,Diesel,119278,4,Brake,2011,Faulty Component,45.19195366,0
V0926,Tesla,Camry,2012,Hybrid,141486,0,Brake,2022,Software Bug,65.2371269,1
V0927,Tesla,Model 3,2003,Electric,37860,3,Electronics,2002,Faulty Component,75.32669299,1
V0928,BMW,Camry,2014,Petrol,151756,5,Brake,2020,Software Bug,87.16545277,1
V0929,Honda,Camry,2001,Diesel,128055,2,Brake,2012,Faulty Component,30.58120067,0
V0930,Toyota,X5,2004,Hybrid,36133,4,Electronics,2018,Safety Regulation,13.7097634,0
V0931,BMW,F-150,2012,Electric,171787,4,Engine,2006,Software Bug,74.7578029,1
V0932,BMW,Model 3,2009,Hybrid,88175,5,Airbag,2013,Faulty Component,56.17032812,1
V0933,BMW,Civic,2018,Electric,67894,2,Transmission,2021,Software Bug,79.62374764,1
V0934,Tesla,Civic,2021,Petrol,67337,0,Transmission,2018,Faulty Component,58.93349813,1
V0935,Honda,Camry,2011,Petrol,100990,3,Airbag,2010,Design Flaw,91.02133337,1
V0936,Toyota,Civic,2019,Diesel,183745,1,Transmission,2017,Software Bug,33.81119132,0
V0937,Ford,Model 3,2013,Hybrid,135745,0,Electronics,2006,Wear and Tear,60.64261031,1
V0938,BMW,F-150,2020,Electric,45212,3,Brake,2018,Design Flaw,67.38990785,1
V0939,Toyota,Civic,2011,Hybrid,44661,3,Airbag,2013,Safety Regulation,14.55446699,0
V0940,Ford,Model 3,2016,Diesel,176594,4,Brake,2005,Design Flaw,10.40478864,0
V0941,Ford,F-150,2002,Hybrid,116706,4,Transmission,2006,Design Flaw,29.34272168,0
V0942,Toyota,F-150,2003,Hybrid,123846,0,Brake,2006,Software Bug,40.72042075,0
V0943,Ford,X5,2018,Diesel,146486,0,Brake,2004,Safety Regulation,40.4879008,0
V0944,Honda,X5,2023,Petrol,102573,4,Transmission,2012,Wear and Tear,85.62429115,1
V0945,Tesla,X5,2022,Petrol,180903,5,Engine,2019,Wear and Tear,32.34524498,0
V0946,Honda,Model 3,2017,Petrol,43519,4,Electronics,2001,Software Bug,21.11776388,0
V0947,Honda,F-150,2011,Hybrid,181698,4,Transmission,2018,Software Bug,44.85148435,0
V0948,Toyota,Civic,2020,Petrol,135029,1,Brake,2000,Design Flaw,26.89216934,0
V0949,Tesla,Model 3,2017,Petrol,87320,0,Transmission,2016,Safety Regulation,48.84779423,0
V0950,Ford,X5,2001,Diesel,174759,4,Airbag,2004,Wear and Tear,56.6742237,1
V0951,Ford,Camry,2007,Diesel,65729,0,Airbag,2008,Safety Regulation,95.31353184,1
V0952,Ford,Civic,2001,Diesel,89463,1,Airbag,2021,Faulty Component,70.31086974,1
V0953,BMW,Model 3,2004,Diesel,133594,5,Transmission,2014,Software Bug,55.24031101,1
V0954,Ford,X5,2020,Petrol,79956,0,Brake,2017,Safety Regulation,25.8905447,0
V0955,Tesla,X5,2000,Hybrid,147511,2,Airbag,2004,Wear and Tear,45.81163615,0
V0956,Honda,Camry,2006,Hybrid,47608,0,Engine,2015,Software Bug,62.38888171,1
V0957,Honda,X5,2012,Electric,160012,1,Brake,2004,Safety Regulation,77.31893485,1
V0958,Toyota,F-150,2000,Electric,70995,4,Brake,2008,Wear and Tear,97.22949687,1
V0959,BMW,X5,2001,Petrol,29301,0,Brake,2000,Design Flaw,97.60805342,1
V0960,Toyota,Model 3,2009,Hybrid,109337,5,Brake,2018,Safety Regulation,13.91105268,0
V0961,Ford,Civic,2022,Diesel,11448,1,Airbag,2003,Design Flaw,99.63010312,1
V0962,Ford,F-150,2005,Diesel,132007,4,Brake,2011,Software Bug,88.34339893,1
V0963,Honda,Model 3,2009,Petrol,8036,5,Engine,2004,Faulty Component,76.60783081,1
V0964,Tesla,Camry,2005,Hybrid,83344,0,Brake,2012,Design Flaw,36.63092456,0
V0965,BMW,F-150,2006,Petrol,189961,2,Airbag,2018,Software Bug,37.75956319,0
V0966,Ford,F-150,2023,Electric,50776,2,Brake,2010,Design Flaw,42.70471334,0
V0967,Honda,Camry,2005,Diesel,165010,5,Engine,2012,Wear and Tear,0.111796829,0
V0968,Honda,Model 3,2018,Hybrid,68144,4,Transmission,2000,Software Bug,38.05210024,0
V0969,Ford,X5,2021,Electric,107575,3,Airbag,2015,Wear and Tear,29.55048044,0
V0970,BMW,X5,2004,Hybrid,116552,0,Airbag,2023,Faulty Component,54.41536062,1
V0971,Honda,Camry,2000,Electric,137521,3,Airbag,2023,Faulty Component,1.548483751,0
V0972,Tesla,Civic,2013,Hybrid,25820,5,Transmission,2012,Wear and Tear,66.97986277,1
V0973,Honda,Camry,2007,Diesel,89847,2,Airbag,2011,Wear and Tear,91.37591523,1
V0974,Honda,Camry,2013,Petrol,165991,5,Brake,2017,Safety Regulation,32.84648461,0
V0975,Tesla,X5,2019,Hybrid,196309,2,Transmission,2014,Design Flaw,58.1267343,1
V0976,Honda,Model 3,2005,Diesel,171378,4,Transmission,2014,Wear and Tear,67.96621045,1
V0977,BMW,X5,2005,Diesel,88026,4,Airbag,2018,Safety Regulation,43.71729913,0
V0978,Tesla,X5,2014,Electric,97769,3,Transmission,2000,Design Flaw,68.46849907,1
V0979,BMW,X5,2022,Diesel,159818,3,Electronics,2013,Faulty Component,64.53207555,1
V0980,Honda,X5,2015,Electric,114294,2,Transmission,2006,Software Bug,90.78799179,1
V0981,Tesla,X5,2002,Diesel,68180,5,Electronics,2020,Software Bug,53.56179696,1
V0982,Ford,Model 3,2003,Hybrid,61517,5,Airbag,2007,Faulty Component,97.57602909,1
V0983,Tesla,Model 3,2018,Petrol,108447,2,Brake,2013,Wear and Tear,29.43484929,0
V0984,Ford,Civic,2001,Diesel,75530,1,Transmission,2013,Design Flaw,19.54248594,0
V0985,Toyota,Camry,2010,Petrol,49787,3,Airbag,2005,Wear and Tear,50.44404756,1
V0986,Honda,Model 3,2020,Diesel,182778,3,Airbag,2020,Wear and Tear,15.21594856,0
V0987,Honda,Model 3,2001,Diesel,29475,0,Brake,2010,Safety Regulation,18.91178292,0
V0988,Tesla,F-150,2020,Petrol,58507,1,Airbag,2014,Wear and Tear,86.37855442,1
V0989,BMW,X5,2023,Diesel,103502,3,Brake,2019,Wear and Tear,14.13572428,0
V0990,Ford,Camry,2020,Diesel,193029,3,Brake,2014,Design Flaw,22.45181251,0
V0991,Tesla,Civic,2000,Diesel,29536,1,Electronics,2001,Safety Regulation,37.73269083,0
V0992,Honda,X5,2000,Electric,105296,3,Transmission,2000,Software Bug,66.64628942,1
V0993,Honda,X5,2001,Hybrid,41601,0,Transmission,2019,Software Bug,71.94440632,1
V0994,BMW,F-150,2003,Petrol,70257,0,Transmission,2012,Software Bug,45.10940211,0
V0995,Honda,Camry,2018,Petrol,146827,5,Transmission,2023,Safety Regulation,57.12859372,1
V0996,BMW,Model 3,2000,Diesel,43067,5,Electronics,2009,Software Bug,4.7948894,0
V0997,Toyota,Civic,2019,Hybrid,40647,2,Electronics,2020,Safety Regulation,81.51994473,1
V0998,Ford,F-150,2006,Petrol,48967,2,Engine,2015,Wear and Tear,88.15497729,1
V0999,Honda,Camry,2012,Diesel,35709,5,Brake,2009,Wear and Tear,77.73080944,1
V1000,Honda,F-150,2015,Electric,12668,4,Engine,2010,Faulty Component,86.84497181,1
